Data ID,BPM,IBI,PPG_Rate_Mean,HRV_MedianNN,HRV_Prc20NN,HRV_MinNN,HRV_HTI,HRV_TINN,HRV_LF,HRV_VHF,HRV_LFn,HRV_HFn,HRV_LnHF,HRV_SD1SD2,HRV_CVI,HRV_PSS,HRV_PAS,HRV_PI,HRV_C1d,HRV_C1a,HRV_DFA_alpha1,HRV_MFDFA_alpha1_Width,HRV_MFDFA_alpha1_Peak,HRV_MFDFA_alpha1_Mean,HRV_MFDFA_alpha1_Max,HRV_MFDFA_alpha1_Delta,HRV_MFDFA_alpha1_Asymmetry,HRV_ApEn,HRV_ShanEn,HRV_FuzzyEn,HRV_MSEn,HRV_CMSEn,HRV_RCMSEn,HRV_CD,HRV_HFD,HRV_KFD,HRV_LZC,Participant ID,Video ID,Gender,CMA,Video_ID_number,Valence,Arousal,Dominance,significance,arousal_category,valence_category,CMA_numeric,task_valence,taskwiselabel,three_class_label
1001,0.3915265788278055,0.5312499999999999,0.7878398046548131,0.1581027667984189,0.2655889145496536,0.736842105263158,0.1142360612872882,0.1160714285714285,0.2542735260901759,0.1380131448576551,0.5007570212902794,0.409007942042717,0.7861373129761795,0.4552072850527026,0.2218241932038864,0.7631578947368425,0.7587639752978718,0.5797900765694286,0.6689229082882016,0.3310770917117986,0.4587858261984234,0.3988849271668864,0.3026239039111608,0.5328878607590395,0.4403698848186549,0.277764110942669,0.7804643313968372,0.7363903795327428,0.1941800743106956,0.2089566370003108,0.1495348968232996,0.6132172712100243,0.4029107754192861,0.3546122787741733,0.6063464758339769,0.1538094251146197,0.5019882272832434,1,1,Male,LVLA,1,4.0,3.0,2.0,3.0,0,1,0,1,0,1
1002,0.4822807814629712,0.4791666666666666,0.7485286388876361,0.1897233201581026,0.2979214780600462,0.6842105263157894,0.0539868801694984,0.0982142857142857,0.7445139242698708,0.2075827004942257,0.4992293337325784,0.6846658863821973,0.9286679243306444,0.5888850349601773,0.2425895764150027,0.5157894736842108,0.2990275356535254,0.1947675270266309,0.5588792281696557,0.4411207718303438,0.2263225354645099,0.4815044382953881,0.3008000674433667,0.3441487434091108,0.5050186390894656,0.4137232451760366,0.5653797802233713,0.8730464610745686,0.3263671586725145,0.3941929149205382,0.7177256113277091,0.7528679518290823,0.5830701777219165,0.619320914616476,0.742883758114055,0.1762083755430002,0.6007130310784927,1,2,Male,LVLA,2,3.0,4.0,4.0,3.0,1,0,0,1,0,1
1003,0.3998182644252612,0.5260416666666666,0.7794563725081113,0.1660079051383398,0.277136258660508,0.6842105263157894,0.1181308607051181,0.1696428571428571,0.2964272582362707,0.0475761115707227,0.5835247470375706,0.51754727918647,0.8084643246498533,0.3838788003346767,0.1822075768139692,0.3623648161499639,0.3538822888654389,0.3388091122541654,1.0000000000000002,0.0,0.455677815979456,0.4598238039606456,0.2890621251279699,0.6046679450582292,0.2432857887726698,0.1322191746315408,0.8275004611420649,0.9445446673620403,0.2240069396091373,0.3534166648814417,0.4099621860464162,0.8266689914395426,0.609936870992918,0.3633811674878486,0.6606688458568781,0.0807012840058507,0.665079100228742,1,3,Male,LVHA,3,3.0,3.0,3.0,2.0,0,0,1,1,0,0
1004,0.4168559745570196,0.515625,0.79155030762729,0.1660079051383398,0.277136258660508,0.7543859649122806,0.1197897567534531,0.0892857142857143,0.881907889409407,0.1639867733340438,0.6579658039868679,0.5495424881898086,0.90154794613475,0.4863529304068039,0.0294555972017196,0.5738866396761133,0.5000109685203465,0.3289049075897909,0.454668633312655,0.5453313666873447,0.471350484001268,0.2515705475546682,0.233363487279417,0.4902812709351483,0.5399097706489706,0.2931047121383347,0.9534558876110628,0.9475055500901284,0.1656489969471672,0.9061466852684914,0.8177195261372937,0.8767551460757091,0.7956700847006379,0.8884078763827666,0.6282020908363481,0.4463587434703879,0.7011904007718539,1,4,Male,LVHA,4,2.0,2.0,4.0,1.0,0,0,1,1,0,0
1005,0.3834620626987731,0.5364583333333333,0.7660521158913527,0.1897233201581026,0.3233256351039261,0.736842105263158,0.0617283950617283,0.1071428571428571,0.4717143709267374,0.1290786764120921,0.4988304187099208,0.7069480260013034,0.8907292107934973,0.4275286978030703,0.0364734336277816,0.6447368421052633,0.2318645487451015,0.3581480287893437,0.5464658941845759,0.4535341058154236,0.2242577224709538,0.401149167932871,0.1755030923008583,0.3893398624956468,0.4188821974989076,0.3004462151285145,0.7565450210350029,0.5394604132495758,0.1551411435092859,0.8768575279178374,0.9592344695101546,0.8146700739561237,0.7271669552554513,1.0,0.6158982052302768,0.3873142003477091,0.7682323608362984,1,5,Male,HVHA,5,3.0,3.0,3.0,4.0,0,0,1,1,1,1
1006,0.367673784643344,0.546875,0.7505153893455525,0.1976284584980236,0.3117782909930716,0.8596491228070176,0.1715171517151715,0.0089285714285714,0.3402937396739208,0.0584109110288113,0.4191456735687155,0.8022697521060519,0.8867889866537142,0.6239488103893422,0.1642557948773331,0.2698435277382645,0.1373102054247167,0.1182678293995698,0.4995577339837294,0.5004422660162702,0.2558848631235383,0.4187740073797888,0.2933073177942009,0.2088042214038443,0.6614287988473,0.5795250411136708,0.4430281728386156,0.8067874144930159,0.2408714509408582,0.5646343030586798,0.3816719291217755,0.8272495827710776,0.6247689522668912,0.5817783700805252,0.7757587003681774,0.1039038187495966,0.6841674078419047,1,6,Male,HVLA,6,3.0,3.0,3.0,3.0,0,0,0,0,1,2
1007,0.3755111313039527,0.5416666666666666,0.7400832397018617,0.1818181818181817,0.2886836027713625,0.6491228070175439,0.1476592103654809,0.1071428571428571,0.3164400774574287,0.7113770303776813,0.26840929190623,0.555367794116824,0.8816297544108396,0.7224211784758001,0.2695169375944506,0.6871052631578949,0.4973440511446434,0.3138419041480591,0.5221658858268783,0.477834114173121,0.3971328904186057,0.409642860137065,0.3966545673132617,0.4244039634729618,0.6461295148668221,0.4758417168697443,0.5642490816740175,0.7758160080836679,0.4056425417109908,0.2221245862097317,0.4339153450553893,0.7621485986746495,0.6131005580723342,0.4179850183399761,0.5024197488075215,0.1557555571212296,0.5826058684456803,1,7,Male,HVHA,7,4.0,4.0,3.0,3.0,1,1,1,1,1,1
1008,0.4256019990913221,0.5104166666666666,0.7547099262567717,0.1897233201581026,0.3002309468822169,0.6491228070175439,0.1992891596851992,0.2053571428571428,0.7205028902929626,0.3005097314293533,0.488525678555734,0.6590289035464625,0.9240587161558322,0.5481892859699247,0.1818002618674659,0.6021052631578949,0.3544734774462598,0.3838221076377697,0.487980657326309,0.5120193426736908,0.2574907171759791,0.5145597986833661,0.29519444659181,0.3449920267766946,0.4512361516354475,0.4037794615959857,0.5663739048736014,0.775971534991692,0.2977678774430059,0.4527014290876461,0.5431219092299193,0.7388147675187954,0.5626995386981161,0.5714168500226057,0.6479014666680873,0.1610673650349584,0.6114178555488385,1,8,Male,HVLA,8,4.0,2.0,3.0,3.0,0,1,0,0,1,2
2001,0.6771921853702862,0.3958333333333333,0.845723799514165,0.051383399209486,0.0808314087759815,0.1929824561403508,0.2946569166720593,0.1696428571428571,0.5787145709341497,0.331044064584546,0.413855870478487,0.6044795205775462,0.9099384394235656,0.5407583296141973,0.3684044380076212,0.7379934210526318,0.6847300878058917,0.562963713984654,0.5136622436697156,0.486337756330284,0.2867553346085831,0.2886819023575276,0.3921355211005145,0.3477776102980634,0.8202851178861869,0.5427730291953912,0.4882589766122801,0.7231181025665029,0.6878322001242265,0.2384252217605367,0.6093791874974192,0.7037173315270645,0.4631012779908128,0.4112744653801173,0.6905402750710055,0.5080314040721237,0.3920344451684598,2,1,Female,LVLA,1,2.0,3.0,5.0,4.0,0,0,0,1,0,1
2002,0.6921853702862335,0.3906249999999999,0.8664511042300597,0.0474308300395256,0.0762124711316396,0.1403508771929824,0.1909149248258159,0.1696428571428571,0.6512556101635151,0.5170554958404424,0.3002524827144198,0.7659490188547212,0.9666209887442706,0.6017426290083729,0.3323064898650412,0.7631578947368425,0.3887624151338719,0.4485207863358038,0.4950835691437132,0.5049164308562866,0.3228787590092803,0.4878798961781308,0.531041670595247,0.5294481353681793,0.7038571344389121,0.4842393736868003,0.5313335142850631,0.7044263210209034,0.5681325008828433,0.275229501747745,0.6926653131077315,0.6947014554174011,0.4925055995474958,0.5318857953942376,0.6734976756112445,0.5072680355481192,0.4267132082469191,2,2,Female,LVLA,2,1.0,3.0,4.0,4.0,0,0,0,1,0,1
2003,0.5705361199454795,0.4375,0.7583444528183297,0.0553359683794466,0.0346420323325634,0.0175438596491228,0.5687976205027909,0.2053571428571428,0.6204671052370075,0.2163634285447443,0.523098685922434,0.6089033284831147,0.8980441140407902,0.4424017673329799,0.4072918370133083,0.7578250261415129,0.5373478117801908,0.4564430735233182,0.6269970542113172,0.3730029457886823,0.4540794269095974,0.4972790960212648,0.5705289641307505,0.6791481372206418,0.8130283804683844,0.5229993542937018,0.6298987679803691,0.6893188956478372,0.8259465292399322,0.561955524626029,0.7095629121592293,0.7616053120221478,0.5402600995248689,0.3882476533780669,0.6422826451719246,0.5401898930145042,0.541404921881192,2,3,Female,LVHA,3,3.0,4.0,3.0,4.0,1,0,1,1,0,0
2004,0.7910040890504317,0.359375,0.7289350065431969,0.0948616600790513,0.0808314087759815,0.2456140350877192,0.4844151081774844,0.1875,0.6958165233109317,0.2672294454827812,0.5327705347479406,0.5764761972990987,0.9019193551462276,0.4812095996262538,0.3996701091110846,0.6140350877192984,0.5492638255865241,0.6667168642947283,0.6036656855423521,0.3963343144576481,0.4433006057819182,0.454014465220956,1.0,0.5667237941648524,0.8814534994934538,0.6204956959820898,0.1346200463628901,0.7359903892338762,0.8773356184355918,0.549257514678009,0.6454592477584851,0.7527672556998141,0.5521141942563321,0.5261230799932322,0.6455851320889279,0.5792591049077862,0.541404921881192,2,4,Female,LVHA,4,4.0,2.0,2.0,4.0,0,1,1,1,0,0
2005,0.6347114947751022,0.4114583333333333,0.825461646589999,0.0632411067193675,0.0969976905311779,0.0526315789473683,0.3619885798103619,0.2410714285714285,0.4763795846523054,0.3109545825795143,0.541015629748266,0.582169342993596,0.867618508087294,0.4877914662425635,0.3810278358951491,0.7221052631578946,0.4108843104162022,0.7276042853886486,0.5028926227693038,0.497107377230696,0.4909401131509476,0.1988881854751631,0.2101624978377778,0.4102143911097919,0.8049744684392192,0.50433851857439,0.9366877259111772,0.4601446128829776,0.5682070805473483,0.2111571858734571,0.403553042855502,0.5653971136959565,0.383541305458268,0.3063024377540853,0.4674657189502778,0.3151156824422508,0.323453607632449,2,5,Female,HVHA,5,5.0,5.0,2.0,4.0,1,1,1,1,1,1
2006,0.6347114947751022,0.4114583333333333,0.8584786705878008,0.0316205533596837,0.0346420323325634,0.1403508771929824,0.251008434176751,0.1339285714285714,0.7898998237266178,0.2401043814426293,0.6568537561484178,0.5454634259375508,0.891144586556371,0.5072650966402408,0.376632002399575,0.7582775119617224,0.8173741362290227,0.4810294820362939,0.6000895804103334,0.3999104195896654,0.4631343888958782,0.1557147476355631,0.2931069483046206,0.3610301407371296,0.9152160775527672,0.5779391254007212,0.732959549362844,0.6200678837168973,0.647393914684703,0.3960294675877415,0.5786088598736364,0.7996387188246811,0.5605760933839197,0.3991526967969842,0.6837385650117591,0.3245197343602828,0.3757116437378851,2,6,Female,HVLA,6,3.0,5.0,4.0,2.0,1,0,0,0,1,2
2007,0.6211949114039073,0.4166666666666666,0.6947094570968634,0.0869565217391303,0.1200923787528869,0.4035087719298245,0.2272032758831438,0.1339285714285714,0.0506070911172577,0.0296249517279611,0.4568998980086183,0.6361894564926386,0.6901885670956005,0.2477979689317365,0.4153363488884012,0.5305263157894742,0.2173177266958115,0.6148888172736062,0.8247786941064108,0.1752213058935885,0.2788341011199494,0.4661778888885539,0.3680806277275949,0.3345727130652739,0.717920642357413,0.608580932276534,0.497542578562794,0.5068350890710488,0.7174906246034498,0.273990474381404,0.3871716347575138,0.4690070436607712,0.2829296685098684,0.2679925028748038,0.5919602057633693,0.1684142425605807,0.2660074742230846,2,7,Female,HVHA,7,2.0,4.0,3.0,2.0,1,0,1,1,1,1
2008,0.5586097228532485,0.4427083333333333,0.73703723958926,0.1264822134387351,0.1501154734411085,0.0701754385964912,0.3137147048038137,0.3392857142857143,0.2660507198870059,0.3228481289456594,0.2751902343310293,0.8008204106438129,0.8970822339106843,0.3847096197090447,0.3804873296070892,0.715494343334973,0.5520860393827609,0.4928158385980699,0.3831246639235821,0.6168753360764176,0.3700416470838212,0.5252674109391127,0.1352735994250337,0.6694978515320797,0.589737609646735,0.3588573126602426,0.9706009637288792,0.6282951025413774,0.7465764455870871,0.3059509458011529,0.2856674379791949,0.6897617033812697,0.4971212760743581,0.4406594217247744,0.602091584055346,0.1415475003050991,0.2302898971401219,2,8,Female,HVLA,8,5.0,5.0,4.0,4.0,1,1,0,0,1,2
3001,0.4530895047705588,0.4947916666666666,0.714676703857223,0.1739130434782608,0.2655889145496536,0.3508771929824561,0.2674315050552673,0.2232142857142857,0.239280998098857,0.0828187024374653,0.4178144517092786,0.5007822149868343,0.8133423593658287,0.4836976277450227,0.3427239126752268,0.4622009569377994,0.3805330700888449,0.442417971803795,0.6768490759332508,0.3231509240667485,0.3854555742200408,0.4846344236588318,0.4189061088573301,0.4732376511602889,0.5808108297891075,0.46874021709335,0.578797798718789,0.728396729102763,0.5748385843896957,0.326108379351985,0.554771635293488,0.7555378398492957,0.5482046184216619,0.3860518324770615,0.6342849736904368,0.4242214034161141,0.3225527201449245,3,1,Female,LVHA,1,3.0,1.0,3.0,2.0,0,0,1,1,0,0
3002,0.4822807814629712,0.4791666666666666,0.7686167595140816,0.1501976284584979,0.23094688221709,0.6491228070175439,0.2579757975797579,0.0178571428571428,0.653886033175684,0.5020267000636545,0.3548943316907214,0.7713775736905151,0.9547865187571788,0.7012678345450474,0.2879202945551087,0.6755678670360115,0.4714592648510539,0.3838221076377697,0.5324355336036253,0.4675644663963747,0.1008901851488432,0.5292236425534007,0.354839174305463,0.3583455702867353,0.5940705608530865,0.4591642572925856,0.527284134778815,0.7736754538792645,0.3862441266995431,0.3379822475487409,0.6415118863586607,0.7091472515070835,0.4954149001509629,0.5821017436520319,0.7373872055325137,0.2768190707070686,0.3646002705798159,3,2,Female,HVLA,2,2.0,5.0,4.0,2.0,1,0,0,0,1,2
3003,0.3998182644252612,0.5260416666666666,0.8128868199252085,0.1185770750988142,0.1963048498845264,0.5087719298245614,0.1732062095098399,0.0803571428571428,0.8186456388364185,0.9995464743254608,0.4354459190952545,0.5891111401140492,0.9346688629597776,0.8090516636639213,0.2842688347365714,0.7333333333333334,0.5023445212240868,0.5254436393500566,0.681156896039308,0.3188431039606918,0.2012620163188206,0.2367713896522123,0.3941851171180877,0.1671039654153531,0.8066189847814552,0.5748917321952768,0.1868953914506026,0.7921826950194201,0.3486623336189585,0.3053330561904241,0.3562564956748031,0.6747795994626287,0.4596252188835135,0.5218266783173123,0.8581633860683482,0.2981972667405152,0.5238770857914481,3,3,Female,LVLA,3,2.0,3.0,5.0,2.0,0,0,0,1,0,1
3004,0.443661971830986,0.5,0.7779993818311942,0.1185770750988142,0.184757505773672,0.3333333333333332,0.2649431609827649,0.1785714285714285,0.3215916494939614,0.1437058152956346,0.2677937960258926,0.7672058567264902,0.9122070919776114,0.6891210587482755,0.3401768405605627,0.7490304709141276,0.6665907307565747,0.5088254095719105,0.7741718263539701,0.2258281736460292,0.2617046445000706,0.2777655647900808,0.5000245109489363,0.2519624401586166,0.7720045546159087,0.5467484637700354,0.1976318931009026,0.7654696948819202,0.540102330555648,0.3459930386073794,0.524010008739326,0.7191348164089487,0.5176909802038132,0.5173092588417171,0.7657194408774917,0.3568315475075947,0.4609649085542708,3,4,Female,HVHA,4,5.0,2.0,4.0,2.0,0,1,1,1,1,1
3005,0.4626306224443435,0.4895833333333333,0.78288446916754,0.142292490118577,0.2217090069284065,0.5263157894736841,0.2388155482214887,0.125,0.9490815802333812,0.6358726020740556,0.5022773963923932,0.6214352170837356,0.9412499531272158,0.7555683835648297,0.2938736706935339,0.621052631578948,0.4313919052319842,0.4365215326424336,0.7194380610248752,0.2805619389751239,0.2441921477392454,0.4259290299977443,0.39569937783399,0.3116973287816873,0.6231383086608197,0.4886754536149497,0.4479380891376,0.799293934401443,0.4400891566881391,0.3075267353043144,0.491447322621081,0.7242303041576776,0.5038093672100267,0.5488633622503559,0.8943111107980153,0.2552655135856022,0.6632412660844682,3,5,Female,HVLA,5,3.0,5.0,4.0,4.0,1,0,0,0,1,2
3006,0.434575193094048,0.5052083333333334,0.8209238558878768,0.1185770750988142,0.1732101616628175,0.3333333333333332,0.2452022980075785,0.2678571428571429,0.5611022101457871,0.7073223551446017,0.3051439334294199,0.7248334183924353,0.947102109206267,0.8640169488954035,0.298966897954499,0.8759265026471508,0.7096717037487027,0.4249709737373019,0.6970131281029239,0.302986871897076,0.2054511557078914,0.3385120204802169,0.2486790401485467,0.2573641464773434,0.6109269859058429,0.4479786863279388,0.5474473894225274,0.8414524647648999,0.4917335782873711,0.3135574770419806,0.3323138899807297,0.786678081127704,0.5659468067155504,0.5134998924203418,0.9191479205795146,0.4047462154317132,0.4289658017528805,3,6,Female,LVHA,6,4.0,5.0,4.0,4.0,1,1,1,1,0,0
3007,0.4822807814629712,0.4791666666666666,0.8085529831974302,0.1106719367588932,0.184757505773672,0.4912280701754385,0.241377078884359,0.2232142857142857,0.5253572535636489,0.3917350844404866,0.4395203605428013,0.6093423545769042,0.8972141440596166,0.7028043338647396,0.3079246649168856,0.7057499239428049,0.5373478117801908,0.4773945768291416,0.6060464197106821,0.3939535802893175,0.1876869414695643,0.4122199802599589,0.0,0.3813079398667092,0.6215769549719632,0.4237762992596448,0.9190860725412416,0.8422859389640526,0.4696301189780401,0.2278010502938023,0.5298316369988773,0.6846689769860318,0.4851957351186665,0.4018569020799064,0.7615492378606614,0.2377086451280238,0.3657035991445654,3,7,Female,LVLA,7,2.0,4.0,3.0,2.0,1,0,0,1,0,1
3008,0.5586097228532485,0.4427083333333333,0.7858430069664356,0.1343873517786561,0.1963048498845264,0.5087719298245614,0.1855926333374077,0.1607142857142857,0.8631179686634953,0.2209734054604225,0.4243575233455817,0.7823007158060946,0.9668859743863292,0.7749448821838443,0.3303531586158643,0.8413057961359094,0.4573402905090959,0.5894502804329638,0.6758082196667416,0.3241917803332577,0.1301550179276123,0.6659955461616092,0.436099678694219,0.4662065109836044,0.5281211999471311,0.4577391586737837,0.5401662961543284,0.6623427175268511,0.4189517486039016,0.2401604620875847,0.5782423229277527,0.6117294467846714,0.408622548680387,0.3732500871266824,0.8616569400185776,0.1720743918083552,0.5968830113903574,3,8,Female,HVHA,8,3.0,5.0,3.0,2.0,1,0,1,1,1,1
4001,0.5826896865061335,0.4322916666666667,0.7661751717294359,0.0869565217391303,0.1270207852193995,0.3333333333333332,0.4153748708204152,0.0982142857142857,0.5648974191441045,0.1173664194192057,0.8552338047970267,0.3099127378918845,0.7884270586645259,0.3181945813226883,0.3800706245539824,0.8607655502392348,0.6157551826258637,0.5758352888844507,0.6473781063571238,0.3526218936428755,0.7359112095156446,0.0346343996053943,0.4011617565619482,0.3742852483130757,0.8153343224727126,0.5082762518023776,0.5765125442152711,0.6740610486325997,0.7117181050145043,0.2935807609496367,0.6161918006559053,0.6248463105693731,0.4284798988194857,0.3166306667276826,0.4729071754123568,0.1606447988287728,0.3225527201449245,4,1,Male,LVHA,1,5.0,3.0,2.0,1.0,0,1,1,1,0,0
4002,0.5469104952294411,0.4479166666666666,0.7275086483992257,0.1383399209486165,0.1501154734411085,0.4912280701754385,0.1197897567534531,0.1339285714285714,0.5069096723335929,0.0589430806008294,0.76230696311658,0.4989172641447219,0.8310220968911723,0.3585485364076343,0.3956204039991149,0.3324357405140761,0.5373478117801908,0.950985849471186,0.8441655064532174,0.1558344935467819,0.5499452252226757,0.675162329903793,0.6735345921254454,0.7898810783346704,0.5645164619478185,0.4134014394565392,0.6036356274839576,0.4369372591317695,0.490922384982656,0.3489729968755846,0.125572664971258,0.5387062739087497,0.3877235523068277,0.5074525812850935,0.4857642908973796,0.3834519478141181,0.4154593466254228,4,2,Male,HVLA,2,5.0,1.0,5.0,3.0,0,1,0,0,1,2
4003,0.5135165833711949,0.4635416666666666,0.8021726491239044,0.1106719367588932,0.161662817551963,0.2280701754385965,0.2495739770055436,0.3214285714285715,0.4828052797473249,0.3151061659897829,0.4088808312998544,0.6018410741609921,0.8942786956473991,0.6458362717163209,0.3294965409977224,0.8663967611336036,0.5882616889527057,0.5130308391484211,0.6172457662549695,0.3827542337450298,0.2457972112423469,0.3349989969990175,0.306367888375855,0.3470588431933222,0.6343528857754748,0.4231018084313152,0.5904923318323912,0.8001085484455875,0.5248875828457085,0.3067865445447802,0.4509591856442305,0.6972884060045922,0.4531740619388715,0.4796196013971968,0.7645539618110906,0.4194994930755689,0.3138572170088838,4,3,Male,LVHA,3,4.0,2.0,5.0,1.0,0,1,1,1,0,0
4004,0.4822807814629712,0.4791666666666666,0.6735058687753923,0.1501976284584979,0.161662817551963,0.1578947368421053,0.4952532290266063,0.3214285714285715,0.250544556853483,0.1214313951009788,0.4274430816667485,0.704370078752342,0.8462118463228696,0.4737411622972043,0.4054553747138274,0.8501633393829402,0.6120214982998793,0.4168316375857466,0.6548794906934834,0.3451205093065155,0.3290507711606417,0.3662415234168965,0.8151314800828484,0.4264259836270261,0.8523296307579347,0.5852001385529901,0.1070775603078487,0.8095106255144068,0.8751359062463899,0.6273742255808359,0.7432719013775465,0.8139276806861107,0.6480827135972969,0.4977697458515178,0.6158707878049521,0.427390443308263,0.5885442389780289,4,4,Male,HVHA,4,4.0,1.0,5.0,1.0,0,1,1,1,1,1
4005,0.5586097228532485,0.4427083333333333,0.7158895471208568,0.1343873517786561,0.184757505773672,0.263157894736842,0.3113922503361447,0.2767857142857143,0.8691205033736031,0.3145143214813874,0.526491998160036,0.660952744772566,0.935070289392587,0.4242744439716577,0.3774876765215611,0.7000000000000002,0.3805330700888449,0.4188322151583508,0.5247346993115274,0.4752653006884717,0.4481292069244276,0.6401428057547289,0.6652954295245275,0.7752401976229009,0.7326978434457964,0.4931468950587805,0.6046052832285733,0.553562690600008,0.6114736610685225,0.4479416994289993,0.5399642271095203,0.7801876642170882,0.5902892647610445,0.4754118481532547,0.626464058791651,0.2546105915974475,0.4494907946441029,4,5,Male,HVLA,5,4.0,2.0,5.0,3.0,0,1,0,0,1,2
4006,0.4822807814629712,0.4791666666666666,0.8667243708892863,0.0869565217391303,0.1385681293302539,0.4035087719298245,0.1401112333455567,0.1696428571428571,0.4658134189417889,0.2421389458688979,0.3967324640976188,0.7647760313450909,0.9149287485917736,0.4970978901139791,0.2834750222606736,0.7339239187076605,0.6618039559796716,0.4943322731157784,0.4370474593579618,0.5629525406420386,0.3344875642756915,0.5407760006882782,0.3060763762611461,0.5838419831580547,0.3120202020545325,0.2050962565525871,0.7515809291080413,0.7512041555357557,0.4434998710874109,0.3001412848048895,0.290483301889273,0.7341445452127859,0.5084673409046669,0.5685412416653468,0.847343311197041,0.2323632260175006,0.5458664434533147,4,6,Male,LVLA,6,5.0,4.0,5.0,3.0,1,1,0,1,0,1
4007,0.5135165833711949,0.4635416666666666,0.8202973030469266,0.1106719367588932,0.184757505773672,0.0701754385964912,0.1983433637481395,0.2946428571428572,0.3760788505910612,0.4970136656304594,0.2400329335749594,0.7669545389849244,0.9342331252409944,0.6681354965263391,0.299081324389032,0.7006951340615695,0.6207599084245237,0.4899878931461274,0.7173207410823921,0.2826792589176072,0.2660340055842408,0.4992985170200529,0.2900569752359019,0.541134887475395,0.4645441033930634,0.2923457128941072,0.746704742860852,0.7856036589937737,0.5454022278572774,0.3222657698584489,0.5564866557737008,0.741524150402395,0.5146562674082525,0.5217035899836225,0.7127109600660404,0.4804128589971996,0.5683782691182229,4,7,Male,LVLA,7,2.0,3.0,4.0,5.0,0,0,0,1,0,1
4008,0.5355520218082689,0.4531249999999999,0.7106296201865934,0.1501976284584979,0.2078521939953811,0.0,0.6182880192781183,0.3392857142857143,0.3741427440052524,0.1783914498433946,0.4139997780881717,0.5883970293542962,0.8684544039011375,0.4763381214515962,0.3757868050784803,0.7081535806729939,0.3875662894005831,0.4352425866834908,0.6406506706165651,0.3593493293834346,0.42786643911057,0.4095049688802095,0.4212867539448457,0.5519305257852377,0.5407284585884484,0.3389521306542737,0.6735504150647351,0.7527845567139504,0.8126284179877283,0.3626526334073918,0.4961989796754207,0.7406513215612692,0.5253039808238957,0.3928235231722036,0.609887239904733,0.3317199677534924,0.3032471862997423,4,8,Male,HVHA,8,5.0,4.0,4.0,1.0,1,1,1,1,1,1
5001,0.7910040890504317,0.359375,0.6013164317804215,0.2450592885375493,0.1270207852193995,0.0175438596491228,0.4913824715804913,0.3392857142857143,0.4433344791777125,0.1930884079715261,0.3056064242025249,0.7988410837816735,0.9346131385136124,0.6571015282914456,0.4521532793946157,0.6721281464530895,0.3060217176702863,0.3917899252114192,0.6354101254219509,0.3645898745780491,0.2408989377547044,0.4260103682054734,0.1955583890321177,0.4226346682794891,0.467824441336991,0.3401413749945303,0.7572284757208432,0.7752028464162619,0.9650125240284416,0.8929215791792018,0.8281482493816857,0.8341063029301717,0.7479956507559182,0.6137177632527456,0.747177336555862,0.6865481654937415,0.6173529492893188,5,1,Female,LVHA,1,4.0,2.0,2.0,3.0,0,1,1,1,0,0
5002,0.6771921853702862,0.3958333333333333,0.60274761721008,0.2411067193675888,0.2286374133949192,0.2456140350877192,0.77007700770077,0.3214285714285715,0.4005692252728726,0.1814360218205042,0.3435049732902407,0.7981981937391243,0.9165037987789044,0.5114660936832465,0.4034919489563275,0.5979757085020245,0.3413293846660085,0.5349041870150475,0.721700169584939,0.2782998304150612,0.2710894983167006,0.5406319229968743,0.2989111307495902,0.500874531627366,0.4951505068476671,0.3881670776652038,0.6888155580514292,0.8269195583578169,0.9671433118751536,0.9118202168681596,0.6191830490343352,0.9077764324601084,0.8925000036749954,0.6736419867399251,0.7939207195922409,0.5788720403926169,0.624381765341935,5,2,Female,HVLA,2,5.0,2.0,4.0,3.0,0,1,0,0,1,2
5003,0.2782825988187187,0.6145833333333333,0.4974482967237588,0.5612648221343872,0.3117782909930716,0.1052631578947368,0.6423420119789756,1.0,0.4528558900483528,0.1635756403367279,0.4101227472979746,0.7321464939377643,0.9058746499398892,0.5069385846280916,0.4208868542358004,0.6595101615424701,0.3051308597982327,0.2594015716800117,0.5427089582983453,0.457291041701654,0.3238506350383702,0.5319423269825199,0.3097347898664137,0.6247424495034637,0.4230334319326381,0.2574169980703086,0.7867839312618286,0.5959023154185744,0.9880267198573928,0.890257437255594,0.5622496840595306,0.8607944367781272,0.8311725124057512,0.6847231481664048,0.7760311327595542,0.8491882175235994,0.5082486690035026,5,3,Female,LVHA,3,3.0,2.0,3.0,3.0,0,0,1,1,0,0
5004,0.502839618355293,0.4687499999999999,0.5838697924688523,0.3280632411067193,0.2517321016166284,0.0350877192982456,0.5610561056105611,0.4375,0.577883876425021,0.3018742604199456,0.3783514592818895,0.7838309359951168,0.9401638169294936,0.6079313853954083,0.4158012812321394,0.736842105263158,0.3726264444573485,0.5758352888844507,0.5356748846029988,0.4643251153970009,0.2641803525584,0.920762080874426,0.3376095860261179,0.9239368623634744,0.2782100078105874,0.2212371722577657,0.8076706478169566,0.1868675757723647,0.7624934013014244,0.938544899261366,0.7429409351982317,0.6349929712936009,0.4980439582028426,0.5336461603929563,0.6998730743666766,0.3468556780759257,1.0,5,4,Female,HVHA,4,4.0,1.0,4.0,3.0,0,1,1,1,1,1
5005,0.662653339391186,0.4010416666666666,0.6149060459261176,0.2450592885375493,0.2193995381062355,0.368421052631579,0.5331866519985331,0.1607142857142857,0.3629797529333061,0.3677373068307837,0.2526923585906745,0.8614703477256168,0.9377169641541634,0.6088023717499811,0.3996150006935233,0.5618421052631581,0.3448297137216189,0.2532191848001233,0.3687885093125675,0.6312114906874322,0.2073673666015215,1.0,0.3684995344558828,1.0,0.2245228508244977,0.1596462604235514,0.8057253995094623,0.4695941851437134,0.8506621990066894,0.9179960063198228,0.5205267691241231,0.9448453485196784,0.8065294045593712,0.7868069602853095,0.7624869093604314,0.592014761764666,0.6229923839684779,5,5,Female,HVLA,5,5.0,1.0,4.0,2.0,0,1,0,0,1,2
5006,0.6080190822353475,0.421875,0.6659760528680588,0.1818181818181817,0.1963048498845264,0.1578947368421053,0.3973230656398973,0.2767857142857143,0.6098617200044969,0.3181207568512457,0.3583482987226993,0.7277076698155318,0.9425651174387364,0.591515547726051,0.3933641607866058,0.6376061120543293,0.3396821709927801,0.4084036724926458,0.5854592866439186,0.4145407133560805,0.3552139310038674,0.7266806295039139,0.1536803115896994,0.9212671346584982,0.2067142694060573,0.05455456765519,0.9962639231153824,0.7938122059397593,0.9184352983252844,0.8814914335214998,0.6364572941333998,0.8528733691277438,0.7770666490651877,0.6675121407716605,0.8205706016253105,0.7006475001446797,0.42723352630078,5,6,Female,LVLA,6,3.0,2.0,3.0,3.0,0,0,0,1,0,1
5007,0.6211949114039073,0.4166666666666666,0.6603320934388494,0.2055335968379446,0.2078521939953811,0.368421052631579,0.3259075907590759,0.1964285714285714,0.5473956632286616,0.146640020395478,0.5444379715391798,0.5718049897630539,0.8779362234557859,0.5191444335073547,0.3837308004321957,0.5657242279251848,0.3190222028878813,0.3702299482474265,0.4401297080951032,0.5598702919048957,0.3716891648043707,0.5954535863547998,0.3645008064910508,0.7394211391676293,0.4373732298542749,0.2548780090183232,0.8050543734854836,0.8394966186458851,0.9024696564967198,0.8300463281268349,0.6319140714915683,0.8588182108587242,0.7359123494922424,0.6310574500195525,0.7589384742790815,0.7938005555290975,0.4571613821324836,5,7,Female,LVLA,7,3.0,2.0,3.0,3.0,0,0,0,1,0,1
5008,0.595184007269423,0.4270833333333333,0.7218397338739716,0.1897233201581026,0.1385681293302539,0.3157894736842106,0.2243002077985576,0.3660714285714286,0.7256571444040814,0.2709765331994367,0.5519008751111034,0.6328799865682949,0.91117466553565,0.5943889084446943,0.359721365819339,0.5946144430844558,0.6373572133690594,0.257108105579408,0.5343775921989593,0.4656224078010398,0.4197243224865479,0.4807263646029828,0.3266083818267087,0.5961735552843531,0.3689146534297658,0.24602815505854,0.7736114100446851,0.6451641321520174,0.6505253615373998,0.7244770152434743,0.6836216537420424,0.781211836534705,0.6331324525827877,0.5532429603368823,0.7509214129689887,0.5049486987682337,0.5842898045651166,5,8,Female,HVHA,8,4.0,2.0,4.0,2.0,0,1,1,1,1,1
6001,0.367673784643344,0.546875,0.7584639718321682,0.0869565217391303,0.115473441108545,0.175438596491228,0.3047566661428047,0.2232142857142857,0.6742616820305968,0.2696106697610416,0.4372592155831848,0.6996944124384494,0.9323694359452372,0.4487312129663395,0.3654760943350246,0.4638394547519882,0.4118187697858869,0.4502933528754758,0.6428825264231322,0.3571174735768674,0.3727358075002383,0.3245257807076858,0.7397306162813402,0.3812082319721783,0.9351054238257276,0.6551922503208905,0.1017706373085649,0.7763365583928378,0.8160892131557829,0.516360436351657,0.7137144003855651,0.8081998722267273,0.6305235320235928,0.4896267912994447,0.6673060849169374,0.2602147309458156,0.3937589683675866,6,1,Male,LVLA,1,2.0,3.0,5.0,4.0,0,0,0,1,0,1
6002,0.6484552476147207,0.40625,0.8049856393121154,0.0869565217391303,0.0969976905311779,0.3859649122807016,0.5192519251925193,0.1071428571428571,0.5329894006049165,0.3317633077941481,0.3575192855794219,0.68599490160623,0.9253869580594936,0.536126818531264,0.3507064567771376,0.5391651542649729,0.41944199095963,0.6644031121955707,0.7290930736807981,0.2709069263192007,0.3480301937771164,0.362909675611719,0.4451930740911347,0.4074366590372609,0.8757318587638471,0.6105471306007089,0.4981302709389016,0.8370501832462559,0.7507717225230153,0.5804021966601438,0.4343893831343697,0.7503830145543486,0.5880844370679122,0.567024166222216,0.7267314037452071,0.3342927304053747,0.413013942036587,6,2,Male,LVHA,2,4.0,4.0,5.0,4.0,1,1,1,1,0,0
6003,0.5826896865061335,0.4322916666666667,0.7156430906558455,0.1106719367588932,0.1039260969976905,0.3508771929824561,0.5262192885955261,0.1785714285714285,0.5621502001963244,0.4413611518011355,0.3494162967776412,0.7426035023274914,0.939044488203776,0.5811163478954069,0.3790354297412381,0.7341915940931467,0.5485488647581441,0.6009551463407918,0.6585952583117067,0.3414047416882924,0.3077531972152392,0.3983780524813766,0.4051137644377373,0.4923857019561227,0.8338325967352264,0.5436172644879524,0.6305944121685279,0.8614851537098084,0.8318770416500503,0.7251684044605513,0.635536048984601,0.8317301118017484,0.677926202734415,0.5716011047399575,0.7428485506214386,0.78425870188422,0.639773988528386,6,3,Male,LVLA,3,3.0,1.0,5.0,1.0,0,0,0,1,0,1
6004,0.5705361199454795,0.4375,0.7550191570232163,0.1027667984189723,0.1270207852193995,0.3333333333333332,0.4844151081774844,0.1696428571428571,0.5210863497449402,0.3144245143366506,0.4590493210437171,0.6044346966727285,0.8922844474469831,0.4873291987432223,0.3608328960484797,0.5191387559808613,0.4845126562238074,0.6677040651903687,0.62016245528919,0.3798375447108097,0.4484900998025787,0.3088794201320779,0.2402980473209157,0.5064873041747269,0.7990358770878881,0.497816480279696,0.8953214508696872,0.7732969607709129,0.7380194658397567,0.5952201273701734,0.8828548556752499,0.8109652358896312,0.5970898776797027,0.5060010017342224,0.742552772656035,0.3323476380776385,0.541404921881192,6,4,Male,LVHA,4,3.0,2.0,5.0,2.0,0,0,1,1,0,0
6005,0.662653339391186,0.4010416666666666,0.773515640576417,0.0869565217391303,0.1270207852193995,0.3157894736842106,0.3259075907590759,0.1071428571428571,0.6471202113224072,0.491295346772361,0.4293831330015157,0.6869604539419423,0.9284886878277412,0.7418625277008692,0.3518644657715148,0.3820662768031191,0.187314906219151,0.512192501879901,0.5664192613146666,0.4335807386853332,0.172579336644975,0.7355415154446527,0.3805943784658068,0.7225363343745941,0.4901345617720901,0.3275954577175263,0.7294783650412009,0.6598010409657449,0.6117323335898572,0.577365411002408,0.6909455216660998,0.7213764714865064,0.52321279200926,0.5537619084766218,0.7225337809241381,0.5228542161268548,0.4547461634039047,6,5,Male,HVHA,5,4.0,4.0,5.0,4.0,1,1,1,1,1,1
6006,0.6080190822353475,0.421875,0.7454581167695098,0.1264822134387351,0.1732101616628175,0.2280701754385965,0.5388872220555389,0.2321428571428571,0.6531049399528045,0.174281171778488,0.6717407424671615,0.4981100192791168,0.864110483280041,0.5868287193729633,0.3548228040971524,0.6007375125712371,0.2938466600855544,0.5369386019747697,0.6241030703805397,0.3758969296194596,0.2956326900921966,0.6063698060422562,0.381074459952424,0.6102222644018062,0.5581428537152141,0.409139061650027,0.6916930317515531,0.869835362364075,0.8135296069560025,0.6531914430591748,0.5672358763884061,0.8327472784671426,0.6352160844958538,0.5431096252157118,0.8021204706191671,0.4728780960983651,0.6167774822953545,6,6,Male,HVLA,6,5.0,1.0,5.0,1.0,0,1,0,0,1,2
6007,0.3599500227169468,0.5520833333333333,0.7472216737109661,0.1343873517786561,0.115473441108545,0.263157894736842,0.5436376971030435,0.2678571428571429,0.7208666989984052,0.3759496842477245,0.4193354122783269,0.7403734573469384,0.9467510267600284,0.4650695243563783,0.3600771235265168,0.8497453310696099,0.1639793791817483,0.7062998232833881,0.7014276306678213,0.298572369332178,0.4902015666824819,0.267162420029263,0.4290079822191364,0.398687270566332,0.8837862707994631,0.610847039433799,0.5113344124389627,0.4970615148496291,0.6880060373856909,0.7869953641134071,0.7587251908224321,0.8330656726638651,0.7979943587541319,0.6978327327403785,0.5732348519358386,0.5480564770499492,0.4293034142426459,6,7,Male,HVHA,7,5.0,3.0,4.0,2.0,0,1,1,1,1,1
6008,0.6484552476147207,0.40625,0.7634863391354021,0.1264822134387351,0.1893764434180138,0.3508771929824561,0.3476806013934727,0.1607142857142857,0.3094905994705913,0.2769468526282832,0.2024480614840346,0.9353488911276312,0.946822115235626,0.7202362298970213,0.3270984878285368,0.5870967741935487,0.4906767577053855,0.4772320540862993,0.7461913818252128,0.2538086181747863,0.1924873458065624,0.7420970870604182,0.4656566621584109,0.7048119521290805,0.519646116007927,0.3633512666467536,0.6656386040098651,0.6942593177798605,0.5844950232148161,0.5146654177916121,0.6461520573448374,0.7573544983477533,0.529784528675538,0.5850288943021899,0.8321034991284657,0.349027270373439,0.4843647508885538,6,8,Male,HVLA,8,5.0,1.0,5.0,2.0,0,1,0,0,1,2
8001,0.5469104952294411,0.4479166666666666,0.6346361024961295,0.1897233201581026,0.2725173210161661,0.4035087719298245,0.3868720205353868,0.1875,0.4312798334415257,0.1390416482883887,0.4094482563267662,0.7080639382887799,0.8986376010144355,0.6068248360561277,0.3916431252686614,0.5760765550239237,0.3577082828884874,0.669257454834979,0.6318201306663631,0.3681798693336364,0.2609899446088452,0.3562169551145324,0.7944025186306287,0.4244522755750389,0.7894790502966198,0.5099121969273035,0.119420116324427,0.7499012382933029,0.7093370120136846,0.6037450527295154,0.7123002151423483,0.7653186715376927,0.5511398807722622,0.4665182380813956,0.7378952049405738,0.5952528239869446,0.4935756285424508,8,1,Male,LVLA,1,3.0,3.0,4.0,2.0,0,0,0,1,0,1
8002,0.434575193094048,0.5052083333333334,0.6668397111802502,0.1976284584980236,0.28175519630485,0.3508771929824561,0.345067840117345,0.2857142857142857,0.4291936177374867,0.3505009617246171,0.2835378068774681,0.8277020786985787,0.940556506073648,0.8060600349643694,0.3636464527669589,0.528289473684211,0.4626741252605023,0.5830175469790082,0.6963958116657647,0.3036041883342344,0.1954346924970066,0.7680806980761108,0.0754994969850745,0.839028379415584,0.4605711671776724,0.2609585334641293,0.966953801562362,0.7710321285101258,0.6701013473477511,0.5817077717150618,0.6019180201340417,0.7523117882505376,0.528627178158926,0.5913070325086576,0.8582779844828785,0.8784828700880782,0.192834651966016,8,2,Male,LVLA,2,4.0,4.0,4.0,2.0,1,1,0,1,0,1
8003,0.5244207178555202,0.4583333333333332,0.6634224562607626,0.1976284584980236,0.2540415704387991,0.175438596491228,0.3079085686346412,0.3839285714285714,0.3723842964974012,0.2159443220858132,0.284681208635231,0.8154704654594078,0.9262173604983096,0.6207009443778435,0.3788852085070313,0.5709337860780987,0.2694965449160908,0.5239773249578672,0.5949944156874578,0.4050055843125422,0.2700893146975968,0.4188539978678408,0.1369404506866309,0.5249075312576501,0.7058687406303172,0.431882289026164,0.925172291314186,0.8709284844145083,0.7601977908739139,0.6571639978756081,0.6657872773830057,0.7570562422242586,0.521097639259926,0.452310776985615,0.8054624190526019,0.4377534688506588,0.4471503055874046,8,3,Male,LVHA,3,4.0,3.0,3.0,2.0,0,1,1,1,0,0
8004,0.434575193094048,0.5052083333333334,0.6592204813855793,0.1897233201581026,0.2540415704387991,0.4736842105263157,0.4375437543754374,0.2678571428571429,0.6469277631619331,0.285524065179665,0.4652556981570906,0.5787897680875039,0.9066967630180548,0.5419135723835524,0.3695487723434616,0.2404432132963991,0.2251873189519848,0.4768761219255046,0.5840773072510563,0.4159226927489425,0.3614488398334431,0.5197581448212447,0.1592320782320186,0.6855281983764515,0.3935212349497076,0.2024610452688038,0.9690829214974164,0.8405639248452094,0.7255823466078952,0.644171652438992,0.5426859023420929,0.8208428922215292,0.5865700120767618,0.6228986721900135,0.7300313252417627,0.7911097072680624,0.4675883152887583,8,4,Male,LVHA,4,3.0,2.0,3.0,3.0,0,0,1,1,0,0
8005,0.5355520218082689,0.4531249999999999,0.6830097477665797,0.2055335968379446,0.277136258660508,0.5438596491228069,0.2257517418408507,0.1875,0.7032366285479457,0.2588056235611266,0.4415212992422849,0.7451128366023552,0.9410043522211292,0.5230821517409072,0.3406315701261833,0.5682768565248737,0.3828505293256629,0.6885029902549347,0.7013298566857968,0.2986701433142027,0.3210529524036108,0.4003102984138323,0.3758562386741603,0.4657661402589816,0.7000378800108704,0.4643593115407912,0.6317077406407161,0.7659597852903931,0.5777538035558922,0.5933412448888702,0.8045402409294468,0.7990262674456832,0.6114626146265089,0.6696852822740514,0.7463129764573901,0.7166508169809345,0.4857213652975418,8,5,Male,HVHA,5,4.0,1.0,3.0,4.0,0,1,1,1,1,1
8006,0.4168559745570196,0.515625,0.6888237458916444,0.1976284584980236,0.2863741339491915,0.3508771929824561,0.2475247524752475,0.2589285714285715,0.4778738963352738,0.2323977823431212,0.4313989399152705,0.7340059111936817,0.9069034209867596,0.5603897482011959,0.3370011315474588,0.5248965109402723,0.6618039559796716,0.550405084351977,0.5177254968146932,0.4822745031853059,0.3819667453200278,0.5677853543668951,0.1082353638512862,0.6830101675392176,0.597261795700909,0.385245415152439,0.9696044464823164,0.7230457493650182,0.5998838149316199,0.5405251485480282,0.755683177552583,0.789171554408611,0.6095926996798189,0.5995508788881273,0.6339233497784846,0.2407061906656568,0.4104715978200228,8,6,Male,HVLA,6,3.0,1.0,3.0,2.0,0,0,0,0,1,2
8007,0.5469104952294411,0.4479166666666666,0.7135194281086518,0.2213438735177865,0.3002309468822169,0.4210526315789473,0.3555188852218556,0.25,0.7118960809434908,0.2777399830007757,0.4789135206742096,0.6436598561362231,0.9224673362098376,0.594777412292328,0.3000881999462987,0.5398917855386132,0.0973064447891693,0.5837337553002349,0.6698425236805987,0.3301574763194004,0.2415379639511833,0.3033101457230247,0.1953488366641782,0.2359089604075653,0.5825351049316094,0.4400943965898669,0.5936667819828061,0.7604847018832573,0.5436471954423097,0.5866147075660011,0.5003720764566504,0.8005670396647218,0.643466728179035,0.6942470413100253,0.8567611478380517,0.3199465122909681,0.5373590932680228,8,7,Male,HVHA,7,4.0,2.0,3.0,2.0,0,1,1,1,1,1
8008,0.443661971830986,0.5,0.6815168543400314,0.1897233201581026,0.2471131639722864,0.0701754385964912,0.3365521737358922,0.2946428571428572,0.6071195780449261,0.1755673418209292,0.6652038311979558,0.5148866605128847,0.8613484671720575,0.5751135854207041,0.3677344623792145,0.3056220095693782,0.2973252479669064,0.4650077083206314,0.6661388253709046,0.3338611746290945,0.48268865049193,0.311126676035285,0.4597625682511815,0.42632273818944,0.7120319852423465,0.491265337916424,0.5059470659303921,0.7081596085699263,0.6113444044544696,0.4055663317933207,0.6149481705169242,0.7338930063651045,0.5604914218178247,0.4592406071191521,0.5389775765995122,0.3729828397914767,0.3946852331134636,8,8,Male,HVLA,8,4.0,2.0,4.0,4.0,0,1,0,0,1,2
9001,0.4626306224443435,0.4895833333333333,0.809764500985198,0.1501976284584979,0.2655889145496536,0.5087719298245614,0.0990896191068382,0.2321428571428571,0.1502584920087533,0.0307759737901762,0.2557609909550115,0.8572411362037262,0.8577025093572916,0.5102294242233691,0.0771469343614768,0.6899521531100481,0.0773045644713956,0.1284325864613191,0.5631182926117098,0.4368817073882893,0.0408308308231261,0.3016610983018519,0.0424130044790246,0.0374394931161223,0.5639132010012908,0.4685690637620679,0.5247113930309573,0.8772444016467752,0.1256191793288064,0.5590765695229656,0.7509041986071697,0.8570137261790705,0.7447898340814434,0.441171181333716,0.7202802442116711,0.1508738717667789,0.5016562569820526,9,1,Male,LVLA,1,3.0,3.0,4.0,4.0,0,0,0,1,0,1
9002,0.3834620626987731,0.5364583333333333,0.8017140601189895,0.1501976284584979,0.2655889145496536,0.6842105263157894,0.1273377337733773,0.1696428571428571,0.0493750039461836,0.053077190746357,0.1393105273314818,0.958222556041382,0.8115898219314648,0.3542399829718577,0.1200729470534682,0.8594616311771799,0.0592540871114535,0.2730366989082591,0.1181534836184523,0.8818465163815477,0.1672920884087522,0.2605534415396851,0.1267966218596093,0.3209299494389377,0.3540753687645269,0.1545911886931631,0.8387439632541807,0.9129144745678848,0.1708258779327522,0.4923243972029646,0.4035943845169355,0.7315479806900926,0.6690875624104622,0.4848388478359197,0.8595044321099872,0.0718457664607792,0.4013721788568725,9,2,Male,LVHA,2,5.0,2.0,4.0,5.0,0,1,1,1,0,0
9003,0.4530895047705588,0.4947916666666666,0.8060837387331342,0.1581027667984189,0.277136258660508,0.6491228070175439,0.0411836055400411,0.125,0.8310791485051385,0.4542520227067837,0.4358598484205008,0.6242942299006092,0.9411430544112084,0.5547545123080551,0.0694076727166603,0.4510911424903727,0.1261699176527921,0.3880233205402397,0.5657476796854137,0.4342523203145854,0.2592950588895532,0.2500001651890455,0.1272216745177912,0.0967772668983136,0.6934202609275992,0.5902111307140111,0.4952347105144616,0.938835930986508,0.0,0.5975913890553961,0.3036568603433668,0.802008684487688,0.645992577677619,0.3989716539058398,0.7989349975310924,0.0349407357544865,0.6287207272793724,9,3,Male,LVLA,3,4.0,2.0,5.0,5.0,0,1,0,1,0,1
9004,0.434575193094048,0.5052083333333334,0.7948148440211614,0.1660079051383398,0.2886836027713625,0.6842105263157894,0.0939260592725939,0.1428571428571428,0.6271443635292983,0.4417578145169469,0.3010708033439763,0.739218041450647,0.9598502712072908,0.624068801628223,0.0887068363652321,0.7008842105263162,0.1207232802831483,0.2811257922440648,0.6781631428595019,0.3218368571404981,0.3477939075090606,0.5494309572553879,0.1355435293240723,0.3908096059947953,0.1712147795507632,0.2689752491767408,0.7245682411242867,0.9135865901094692,0.1106126331519437,0.619203113941031,0.6304581307096836,0.8182667354721147,0.6894201476680758,0.4235961895913255,0.819105508142445,0.0832781629804634,0.5181350886994507,9,4,Male,LVHA,4,5.0,2.0,5.0,4.0,0,1,1,1,0,0
9005,0.4626306224443435,0.4895833333333333,0.7984345948145631,0.1541501976284585,0.2655889145496536,0.7719298245614035,0.0,0.0535714285714285,0.1473410527351785,0.1368533262431405,0.198858658158441,0.9369103404179736,0.8820547058867364,0.5774781678753889,0.1042792893807267,0.8547368421052632,0.187314906219151,0.2532191848001233,0.5655071477099813,0.4344928522900184,0.1165731086590297,0.3130711884538597,0.0454381827688089,0.3753907190040846,0.3167736458196334,0.1292938979156289,0.9657312308212834,0.7822804848524388,0.0339821708605718,0.4356836670170703,0.3614031876444468,0.630260723793661,0.4568642745855887,0.4362636684565426,0.8014569620101657,0.0406323688071023,0.499756951000601,9,5,Male,HVHA,5,5.0,4.0,4.0,5.0,1,1,1,1,1,1
9006,0.4925034075420264,0.4739583333333333,0.7891120346457473,0.1739130434782608,0.3002309468822169,0.4912280701754385,0.0773603001325773,0.25,0.095041734986402,0.0787385675565723,0.1580285803583457,0.9149387772763484,0.8567549518624489,0.4294934950369836,0.0,0.6636731689363269,0.0918513865206856,0.1508691391477632,0.5811172870432912,0.418882712956709,0.1201037029797701,0.2884309137405667,0.1470826352361551,0.351561061167859,0.3621227300648564,0.1627940333686927,0.8269108790659563,0.2991545348395115,0.0784663113096313,0.810622672901683,0.7305449879970839,0.7919295292615927,0.9383983025427288,0.8357535651209432,0.7874971746419082,0.1709210650236992,0.4422025167200369,9,6,Male,HVLA,6,3.0,3.0,4.0,4.0,0,0,0,0,1,2
9007,0.3599500227169468,0.5520833333333333,0.7931013471344416,0.1739130434782608,0.277136258660508,0.7894736842105263,0.0268915780466935,0.0803571428571428,0.1209598070137698,0.9663190359769426,0.0486326737271551,0.8487898539047477,0.9358539595629374,0.6387643873923581,0.004378838309796,0.5931578947368421,0.134809970384995,0.2821527553980019,0.4172092068787292,0.5827907931212699,0.0,0.1450079650856309,0.0066218950047641,0.0791504185989814,0.7300887513401604,0.4635099097027249,0.7318277385134417,0.0,0.0417247006776546,1.0,0.7086493961777507,0.0,0.0,0.8002465652001939,0.8448817025115423,0.3185238123777236,0.58204870312294,9,7,Male,HVHA,7,3.0,3.0,4.0,4.0,0,0,1,1,1,1
9008,0.4082235347569286,0.5208333333333334,0.7965679309430723,0.1581027667984189,0.277136258660508,0.4912280701754385,0.1299504950495049,0.2410714285714285,0.6887082986557048,0.4859743394204111,0.3890049815271212,0.7211947305737973,0.9462353837615608,0.7217759920581186,0.1736597758216504,0.5618421052631581,0.2858956020710357,0.2997978495883746,0.5930580304463662,0.4069419695536327,0.2223447693614345,0.4679865345251824,0.2288269234257131,0.2802362914159111,0.4121999058946622,0.3844583087274733,0.5724670922200195,0.8030892170367975,0.1678625889699025,0.3917240782582264,0.35597545225406,0.7722287503259001,0.5300514884677464,0.4140066968392721,0.7455601227637807,0.0994319255328405,0.5107532701367132,9,8,Male,HVLA,8,5.0,2.0,5.0,4.0,0,1,0,0,1,2
10001,0.6484552476147207,0.40625,0.6612629396006701,0.1264822134387351,0.0993071593533486,0.263157894736842,0.4826732673267326,0.1339285714285714,0.8093873263668547,0.5469480021129173,0.4627886488933557,0.6645040099312689,0.9395768176641176,0.6696168242223899,0.4258851333856446,0.7724137931034485,0.2425832597287888,0.4828506974816995,0.6918421890915902,0.3081578109084082,0.3963924752196278,0.5549251551406444,0.4830805055275253,0.6733428216790627,0.6595777346926364,0.4357604169094833,0.6801070652325432,0.5445889018101534,0.6625734980631417,0.7305893005399959,0.966488607825091,0.7055507312372552,0.5689170287881855,0.4393774646557123,0.7652400342560393,0.5980897268260132,0.862268334141435,10,1,Male,LVHA,1,4.0,2.0,4.0,2.0,0,1,1,1,0,0
10002,0.6080190822353475,0.421875,0.7691491703962848,0.0869565217391303,0.0831408775981524,0.2280701754385965,0.237073707370737,0.1875,0.7654453509600506,0.3618637245960427,0.393391329090314,0.7760594676500219,0.9613935120912508,0.626826749018875,0.3857040777375724,0.8910969011313332,0.7185413158353173,0.7304221720915245,0.6641893989641539,0.3358106010358446,0.2852776187740933,0.6265044012427488,0.5007880361327579,0.6770339388736122,0.7106176681806512,0.4785524934146193,0.6506067597052987,0.7446559894385826,0.7328888902696431,0.6644908099635738,0.6296094070626358,0.8125585574347736,0.6520744793152737,0.5439239115906923,0.7234635430544074,0.4760835303794888,0.4588869555621708,10,2,Male,HVLA,2,4.0,1.0,4.0,2.0,0,1,0,0,1,2
10003,0.5705361199454795,0.4375,0.8802543921848806,0.0632411067193675,0.115473441108545,0.3157894736842106,0.1471127504907353,0.1607142857142857,0.5063097020982075,0.5373870384875199,0.2302100827860757,0.8308948753328579,0.9710571592433496,0.8155279376456055,0.301300672763801,0.6923245614035087,0.6415436534355701,0.4079634056594243,0.5588771299505237,0.4411228700494756,0.2433215997987295,0.5729727282581685,0.4370425457621965,0.4756207463422828,0.429934122084407,0.3437366479704523,0.5544233192451871,0.8239599584149081,0.3938273717591245,0.2995664556934569,0.5311975410336272,0.7230933170601165,0.4849304804687655,0.4364328251307735,0.8903808504978645,0.3765334941418186,0.3699941247425353,10,3,Male,LVLA,3,3.0,3.0,3.0,3.0,0,0,0,1,0,1
10004,0.5244207178555202,0.4583333333333332,0.8859476669104386,0.0711462450592884,0.1270207852193995,0.4210526315789473,0.2103654809925437,0.1964285714285714,0.4865464803508871,0.410499606149437,0.293128492059464,0.7554138893350063,0.9410837045327438,0.6937736209618035,0.2784905269063094,0.8363636363636364,0.8389146227250865,0.3403541127557807,0.5322567483463292,0.4677432516536699,0.1903105054552035,0.3744776974984751,0.2746387728780015,0.316820916030469,0.6765777666725118,0.4772405988466921,0.5817325608393966,0.8190543527820567,0.4283476614408441,0.3856462424560806,0.5051798570832529,0.7209953284566678,0.4785536138240568,0.522320285906249,0.9058444390624788,0.3993682052899021,0.4935756285424508,10,4,Male,HVHA,4,5.0,3.0,3.0,4.0,0,1,1,1,1,1
10005,0.5687292031227666,0.2552083333333333,0.7447193955228422,0.1185770750988142,0.1408775981524249,0.2105263157894736,0.3415841584158415,0.2589285714285715,0.4701924455922718,0.1030829995856534,0.5795180131082525,0.6196890535565737,0.8664298096545521,0.5640375935780328,0.3898261536770746,0.7520661157024797,0.3973346495557749,0.453679484969534,0.6065817754689369,0.3934182245310618,0.2811641782446261,0.4191657613768242,0.3620769832632761,0.4528125025864956,0.7232296799587115,0.5068807527499299,0.6264800035697897,0.7663014516702137,0.6611461923290267,0.4422920895195222,0.3168033135480494,0.6782736406916665,0.4560876623552531,0.4232758863989156,0.7965793632227856,0.330026573129533,0.4041242134063194,10,5,Male,HVLA,5,5.0,3.0,5.0,3.0,0,1,0,0,1,2
10006,0.5244207178555202,0.4583333333333332,0.883015118460165,0.0632411067193675,0.1039260969976905,0.3157894736842106,0.2434263034146552,0.1428571428571428,0.375073140081099,0.1762708551885591,0.5039332139176229,0.627677367600617,0.8587328104184504,0.5401956844966183,0.3083082817024425,0.9083692838654014,0.6113170295591276,0.6954265915865117,0.7158162857977699,0.2841837142022296,0.2720574222047415,0.5311401270050278,0.262594896084452,0.4407927177040682,0.3065225684696991,0.277760004257768,0.6709612339112572,0.7423507170378904,0.5408064561669337,0.2569465262405989,0.2924258977413326,0.7184834761368882,0.4909808697778539,0.4060914554300773,0.7422858654160196,0.3690793941348383,0.323544739835002,10,6,Male,LVHA,6,2.0,4.0,3.0,2.0,1,0,1,1,0,0
10007,0.5469104952294411,0.4479166666666666,0.7432405654068073,0.0948616600790513,0.1385681293302539,0.2105263157894736,0.4594487226500426,0.1875,0.2057497710043581,0.0479501276347242,0.5328452262297321,0.6162467596248015,0.7989333598540085,0.3656953021313321,0.3851021569093089,0.7107830551989736,0.3336923030901313,0.4785215787999979,0.4686369695629948,0.5313630304370045,0.3671612156071892,0.4655607652310683,0.1612823249953438,0.6205204345244864,0.4503763085234313,0.2499760829708781,0.9548618471123468,0.6902468262078015,0.7754182316408815,0.4158428016682544,0.4496649213982879,0.7088315309206157,0.4846954102083512,0.3580731082903615,0.6975464125081228,0.484336391189178,0.323544739835002,10,7,Male,LVLA,7,2.0,4.0,3.0,3.0,1,0,0,1,0,1
10008,0.595184007269423,0.4270833333333333,0.8684941488592378,0.0869565217391303,0.115473441108545,0.0526315789473683,0.2707492971519374,0.2678571428571429,0.8460734039867918,0.7377948244607879,0.3451080715455922,0.767107928136676,0.9795466140096448,1.0,0.2965957856616754,0.894928229665072,0.7808489634748272,0.4327340388745524,0.7068024805432587,0.2931975194567409,0.0559137904499586,0.3321780440048941,0.1697716129696057,0.1436587928937576,0.6483871436336599,0.5055646953391028,0.501097040612358,0.7258859624006871,0.506417114459514,0.4141818048188507,0.4280625552805551,0.7967974293097235,0.6372109951317595,0.531906592660062,0.9107378241805693,0.328132608115003,0.4353792595357575,10,8,Male,HVHA,8,5.0,3.0,4.0,3.0,0,1,1,1,1,1
11001,0.6211949114039073,0.4166666666666666,0.9276564622257004,0.0316205533596837,0.0577367205542724,0.2456140350877192,0.3644769238828644,0.0803571428571428,0.3975012244271022,0.2720492499706165,0.4064081634662507,0.6573472868088931,0.8852668971324997,0.5068742644182933,0.2965337346405285,0.6085047054722903,0.3391753360164021,0.4544788700883972,0.579557848466079,0.4204421515339205,0.4051409066868445,0.478706096817736,0.6305148778268581,0.5221462118319663,0.8862446365859465,0.639008765443802,0.4371585160862329,0.7438633501269737,0.5553436747508067,0.3045961020417703,0.5943428958076938,0.787473932635735,0.5626832056916493,0.5570314000530153,0.5437845149730895,0.3026220236667755,0.4254620572751693,11,1,Male,LVHA,1,5.0,3.0,1.0,4.0,0,1,1,1,0,0
11002,0.5355520218082689,0.4531249999999999,0.969107607361956,0.0316205533596837,0.0831408775981524,0.2982456140350877,0.1046938027136047,0.1160714285714285,0.578895637709133,0.8793058185822378,0.3581435417068321,0.6168275660335868,0.9231238571327858,0.7051845742178635,0.2037016922582852,0.6883922134102383,0.7731594534213123,0.4057923849474067,0.6634138413900843,0.336586158609915,0.3719300238038623,0.545528947963823,0.4136525613533928,0.3795550883313759,0.4676894712153122,0.4517667992583103,0.4971571237741267,0.9848715509019512,0.3434497299760786,0.3622535965187182,0.3636740758623497,0.8247874753510102,0.6465844037155329,0.4686440490739773,0.6715850667510379,0.2634009706908184,0.5081828405512963,11,2,Male,HVLA,2,5.0,3.0,3.0,5.0,0,1,0,0,1,2
11003,0.662653339391186,0.4010416666666666,0.9728055950899508,0.0316205533596837,0.0808314087759815,0.4035087719298245,0.19004400440044,0.0625,0.7991942000394653,0.1416305549799353,0.611651043906418,0.5562239236158908,0.8998297779442037,0.4780745801267771,0.219265876619854,0.5016194331983805,0.4921822755787663,0.5048570507803509,0.447381144476894,0.5526188555231049,0.4147758276188907,0.3746115220402979,0.4121469130804703,0.292755027305272,0.6910526219644169,0.5657719164401507,0.4037680199077312,0.82154663692339,0.2870640323092552,0.2798872909596572,0.3585809047819989,0.7405525669153868,0.5125854067436507,0.3456453399028187,0.5055044956415502,0.0914173608722055,0.5395837190842319,11,3,Male,LVHA,3,5.0,3.0,3.0,3.0,0,1,1,1,0,0
11004,0.6484552476147207,0.40625,0.9424440022007188,0.0474308300395256,0.0808314087759815,0.4385964912280702,0.0617283950617283,0.0714285714285714,0.4370355236308385,0.6959527094897705,0.3356168710513535,0.6742086095925753,0.9109575792525022,0.7498538691587742,0.2513752571975416,0.7027631578947369,0.5373478117801908,0.6653033721032431,0.5262307010355702,0.4737692989644295,0.5085940563029698,0.4947552430030764,0.4253605379507397,0.6412783267456181,0.3883462171686022,0.2528008829983866,0.7217311327893909,0.6538806748840779,0.2535228978996238,0.1875495701399112,0.3747876321052308,0.6776984991155793,0.4751973954743806,0.4669207214097932,0.532068934267321,0.2778410132523565,0.5503723955345681,11,4,Male,HVHA,4,5.0,3.0,3.0,3.0,0,1,1,1,1,1
11005,0.595184007269423,0.4270833333333333,0.9147916813786982,0.0553359683794466,0.1270207852193995,0.4912280701754385,0.0942427576090942,0.0,0.3663649076701357,0.6942240115748722,0.2422318714887661,0.7772453088005135,0.9324221169691828,0.7872835984836184,0.238792253900762,0.6054259359739556,0.4440057036305802,0.4863483960192338,0.4239271448215327,0.576072855178468,0.1272771002507988,0.43545410350532,0.3647904535157815,0.168861277216846,0.7290967329376984,0.6172824650143377,0.3358045112976084,0.7485330907391222,0.260291360816002,0.2171566098029592,0.4817749553407949,0.6798844833762936,0.4817189268920689,0.4418766279849114,0.6408981744918112,0.1174219587056196,0.6152157148641162,11,5,Male,HVLA,5,5.0,3.0,3.0,3.0,0,1,0,0,1,2
11006,0.4925034075420264,0.4739583333333333,0.9035101655550272,0.0711462450592884,0.1385681293302539,0.368421052631579,0.1414308097476414,0.1428571428571428,0.6324693095739686,0.3923161061591652,0.4781187047964166,0.5642367666149339,0.9001990120939569,0.6021920088978197,0.1890242326573858,0.4358151476251604,0.6361806321738962,0.4359984614265069,0.6701413009305541,0.329858699069445,0.322073558560942,0.5453330565348276,0.4433117604774361,0.3214247533612456,0.6582915087281668,0.6045217221461048,0.4260738540305684,0.8434599743961159,0.2959140504616868,0.3345056226474259,0.4390932593126969,0.7506911703202269,0.5540390244668572,0.4195230752860787,0.4982946761887099,0.1199793453251135,0.3295655242638429,11,6,Male,LVLA,6,5.0,3.0,3.0,3.0,0,1,0,1,0,1
11007,0.4925034075420264,0.4739583333333333,0.8858305790596043,0.0869565217391303,0.1501154734411085,0.5263157894736841,0.2383571690502383,0.1875,0.6866047639501486,0.7942690927758292,0.3120932255444626,0.7064177386508157,0.9611631705813228,0.5673172511310092,0.1992429854522659,0.5815316734951153,0.3915806839849085,0.4888524301995134,0.5270838991144262,0.4729161008855729,0.3969493461864944,0.6305862457168743,0.4172688045522589,0.4416872578605445,0.4514692513741099,0.4675557714937512,0.5382347311817722,0.9240121808021056,0.3735993818249834,0.3772237699232783,0.7029345665720108,0.8609530080774846,0.6982774880391012,0.5457371731128715,0.5588367966257861,0.1652588028165298,0.528358471419375,11,7,Male,LVLA,7,5.0,3.0,3.0,3.0,0,1,0,1,0,1
11008,0.4822807814629712,0.4791666666666666,0.8466353657770166,0.1027667984189723,0.161662817551963,0.4035087719298245,0.2253558689202253,0.1160714285714285,0.9181036401534782,0.2252969706821045,0.6146612269437979,0.6014488693496888,0.9188639974196444,0.6691552007351997,0.2502850456281054,0.5466893039049237,0.3553307008884501,0.2730366989082591,0.5973853602525834,0.4026146397474166,0.3304299221285082,0.2890613741618247,0.3754712672078483,0.2761268893542722,0.806377799007544,0.5826651757759864,0.4099697919555486,0.6967889813982326,0.4518608182245056,0.4185614534912348,0.7247881405162048,0.8179697608320081,0.6683317770533893,0.5809654943064316,0.7100308057980174,0.3702364197983147,0.5082486690035026,11,8,Male,HVHA,8,4.0,3.0,3.0,3.0,0,1,1,1,1,1
12001,0.5355520218082689,0.4531249999999999,0.8157869237440855,0.1027667984189723,0.161662817551963,0.368421052631579,0.2566126177835174,0.1607142857142857,0.7114363591987892,0.2182483678180531,0.5894815960687858,0.4465416110785465,0.8727633901976442,0.4504375581717334,0.3086547927858907,0.6990218910107129,0.6130306021717671,0.5298335867328072,0.6386489670016511,0.3613510329983487,0.3659621052711284,0.3332102710935727,0.1058118332889437,0.4236887609965037,0.6948436414900536,0.4592063960135613,0.9293187056056508,0.8901862504064656,0.6333167314689494,0.2974765469655062,0.6820488688649433,0.8565512843950028,0.6564092384080386,0.4536931215706301,0.6214309567037573,0.1924107969534927,0.4402428188592464,12,1,Male,LVLA,1,4.0,4.0,4.0,2.0,1,1,0,1,0,1
12002,0.4822807814629712,0.4791666666666666,0.8803618456236911,0.0869565217391303,0.1270207852193995,0.3859649122807016,0.3305971622803305,0.25,0.7694237280715,0.6226457054019189,0.3423263867188125,0.7599206251475302,0.9708168736013963,0.5132025893032841,0.2482667956714053,0.7355023923444981,0.889380905373008,0.4998878742290422,0.564103190067792,0.4358968099322069,0.3634842710250018,0.2437301811487039,0.2763608309967573,0.3195330008539794,0.7270313268136208,0.4857714915837788,0.62281103482196,0.8559208441412532,0.4808488514368811,0.3419101441496113,0.5191650873064124,0.811761261610156,0.6133307731858465,0.5980545722427769,0.7554066752884925,0.2215580534404359,0.548438196415048,12,2,Male,LVLA,2,3.0,4.0,4.0,4.0,1,0,0,1,0,1
12003,0.4082235347569286,0.5208333333333334,0.8500179957889006,0.0948616600790513,0.161662817551963,0.5087719298245614,0.4029505514654028,0.2410714285714285,0.6446728489511462,0.1351890178335738,0.7113117472256447,0.3811083358344638,0.8342109961492264,0.4174181607297948,0.2614230184373027,0.8672993960310613,0.6430181228929576,0.4557937057210632,0.6181411027492592,0.3818588972507393,0.3728684497940934,0.2633854827903689,0.2810283344297691,0.3724335939317579,0.6820020236016447,0.4362069167733043,0.6882591300414969,0.8796930342303847,0.4651225846609332,0.3366953814982793,0.4813134254437018,0.7888042735361106,0.5966686182705978,0.5916419957446616,0.6454136227933418,0.2879258985702326,0.5173355374651765,12,3,Male,LVHA,3,4.0,4.0,3.0,3.0,1,1,1,1,0,0
12004,0.5586097228532485,0.4427083333333333,0.8022162593687777,0.1067193675889327,0.1385681293302539,0.3333333333333332,0.4333211098887666,0.2142857142857143,0.6851228052149504,0.2767137272489003,0.4433314934981017,0.6822390753948718,0.9304367720609656,0.6411829852622404,0.3401019602007875,0.7724137931034485,0.5588882982762547,0.4872703834998391,0.6718431214335672,0.3281568785664319,0.3687616571984529,0.1543615163453667,0.3381717175411871,0.2016929815750088,0.9898055159934546,0.6915508426863741,0.2756434322794674,0.8695581991115274,0.6512911645696613,0.4104561991271216,0.5327911447800082,0.7734363387800506,0.582631683084436,0.6147013272827658,0.7816193690050435,0.802500816825704,0.5534981953835763,12,4,Male,LVHA,4,3.0,3.0,2.0,4.0,0,0,1,1,0,0
12005,0.502839618355293,0.4687499999999999,0.7165233303359475,0.2055335968379446,0.277136258660508,0.5087719298245614,0.3122216983603122,0.1875,0.4916195797126336,0.3917859096719581,0.373797252370965,0.7450111888957585,0.9220809447030393,0.6886973283517384,0.3009001720888937,0.4706991358994505,0.2923247778874629,0.6898293717500934,0.7212695970175316,0.2787304029824682,0.2169995885139784,0.261129273098043,0.348711790383037,0.2516000008423503,0.9285029836116488,0.63546729568282,0.4052903540182641,0.6918587423040568,0.5261208120824283,0.4484655596052481,0.5962778077328112,0.7414925571309183,0.6455391114611342,0.6376174453685597,0.6148742791989159,0.245745177449135,0.6054581509772068,12,5,Male,HVHA,5,3.0,2.0,2.0,3.0,0,0,1,1,1,1
12006,0.3379145842798727,0.5677083333333333,0.7914605103754025,0.1383399209486165,0.2078521939953811,0.3333333333333332,0.2978445992747422,0.3125,0.6055729743329996,0.1772501659697161,0.4834281654560139,0.7180493154948817,0.9170241968659838,0.3243382782874848,0.3100299192215971,0.5414187643020596,0.3726264444573485,0.4772320540862993,0.7288733574849582,0.2711266425150409,0.5201796282077209,0.5752074229148276,0.4768762450529432,0.7096653974892428,0.3956285408220993,0.2811795287900876,0.7071092476822454,0.6832188263590055,0.5198469998575466,0.314741747260936,0.4397169700139625,0.700269666199934,0.4764355247490287,0.3952799024087201,0.7779767689686601,0.0999688939117175,0.7518832181428445,12,6,Male,HVLA,6,3.0,2.0,2.0,4.0,0,0,0,0,1,2
12007,0.502839618355293,0.4687499999999999,0.7604119652508167,0.1581027667984189,0.2009237875288684,0.4035087719298245,0.3799046571323798,0.1160714285714285,0.731109854036454,0.408975128952004,0.436858164631058,0.6193488515287228,0.9287620330870796,0.6716244778924225,0.2983130122175281,0.7356817239950271,0.3973346495557749,0.5539481466004181,0.6707452140118455,0.3292547859881543,0.2473167853998264,0.5310871570245805,0.4297318015085369,0.4410660796770594,0.5901748730837797,0.4529479443822353,0.5359915360099655,0.6966299394952166,0.6208958100914346,0.3007302240705805,0.6389874801336173,0.7984599196495836,0.6600409287079789,0.6627454278349386,0.6352284790341312,0.3429390111890392,0.6485394597465284,12,7,Male,HVHA,7,3.0,3.0,2.0,4.0,0,0,1,1,1,1
12008,0.502839618355293,0.4687499999999999,0.7517848633047318,0.1264822134387351,0.184757505773672,0.2807017543859649,0.3171983865053172,0.2142857142857143,0.912603238710138,0.4117060389883362,0.5149846794530473,0.624778631636494,0.9361946589314248,0.6010464106461173,0.3540550547649386,0.8824561403508775,0.6900894432977355,0.4972548560044529,0.6356308563218549,0.3643691436781446,0.4300327319859867,0.315555930838031,0.4682949573801001,0.4154123388457562,0.7871792100760493,0.5370461668734077,0.4806501201102435,0.6808209554238568,0.6551624829178289,0.3631593551824567,0.6512557321595352,0.712223670090223,0.4873061326573059,0.5763009437831537,0.6252981206458879,0.5431215181119855,0.3865662912584264,12,8,Male,HVLA,8,4.0,4.0,4.0,4.0,1,1,0,0,1,2
14001,0.4082235347569286,0.5208333333333334,0.7446545790407636,0.1897233201581026,0.2655889145496536,0.5789473684210527,0.2544921158782545,0.2053571428571428,0.7146431025521185,0.1705666045179849,0.43610429385099,0.6744926015353789,0.9345033581206345,0.5686218306156496,0.2604721137988779,0.7276315789473684,0.1135241855873642,0.6898293717500934,0.5735212393708571,0.4264787606291429,0.3155491699052112,0.5532129321777348,0.2278173300496539,0.4449048949882457,0.2936315565515335,0.2997582675106445,0.6949154663837401,0.8647189778149743,0.4837290891063086,0.5505823200038482,0.4822333824765445,0.8493432149399948,0.6409338455796411,0.66485936916042,0.779861293118639,0.4856550828047855,0.6240103554747587,14,1,Female,LVLA,1,3.0,3.0,4.0,3.0,0,0,0,1,0,1
14002,0.3599500227169468,0.5520833333333333,0.7746806702305337,0.1897233201581026,0.2424942263279444,0.4385964912280702,0.1081774844151081,0.2589285714285715,0.9234995769482516,0.1627158827733865,0.6015577587134675,0.5531808352967079,0.9136654115094226,0.5086943318251818,0.2100142754754923,0.6140350877192984,0.1502525985715115,0.6677040651903687,0.5915214758957317,0.408478524104267,0.2817590752384025,0.2615244925110854,0.0994547559020154,0.2583398568447417,0.5334072677493042,0.4040065616774784,0.782411862515604,0.8649033750803473,0.389055902944291,0.6565617780107893,0.6571680514588979,0.8541000666378381,0.7026905623542956,0.5129212726505447,0.7999052032541876,0.2685150439088752,0.4454309352736572,14,2,Female,LVHA,2,4.0,4.0,3.0,4.0,1,1,1,1,0,0
14003,0.3915265788278055,0.5312499999999999,0.7267574398349907,0.1976284584980236,0.2886836027713625,0.5263157894736841,0.2957603452652957,0.2053571428571428,0.5699714063550886,0.2117937951654403,0.4352266714919887,0.6222508511372816,0.907174160869457,0.5390768737211882,0.2899625340148124,0.520505263157895,0.2439869004528431,0.8177766598806824,0.7293384945013703,0.2706615054986283,0.2750013537099668,0.1496417965623563,0.1492584509862694,0.1710832516124436,0.6968064995143902,0.4691522308762605,0.6212772869264055,0.7889346548905779,0.5027602184188942,0.5333470863780354,0.5944867498113604,0.7855371077804254,0.5752990072078282,0.6055871202676758,0.8391416374070255,0.4145756628827374,0.3417446490293445,14,3,Female,LVLA,3,4.0,4.0,2.0,4.0,1,1,0,1,0,1
14004,0.3834620626987731,0.5364583333333333,0.7441375900451046,0.1976284584980236,0.3233256351039261,0.6140350877192982,0.1507558163223729,0.2232142857142857,0.6134144906935917,0.0593532772673227,0.7602623944246527,0.2980140745751768,0.8021928499133133,0.4725974322426282,0.2142791289772059,0.6038510911424906,0.128078568354975,0.5378665807283269,0.6952220316216715,0.3047779683783278,0.3131158351301793,0.1302516584685778,0.1295267292246395,0.1829556454822338,0.6356352709545287,0.4154939641477095,0.712750286761322,0.8320375304787927,0.2601785356290191,0.4618179181758867,0.2443466613322793,0.7456353621481053,0.5552556692925225,0.4329717742547605,0.7796701822246046,0.1933533855582884,0.5323231155133159,14,4,Female,LVHA,4,4.0,4.0,4.0,5.0,1,1,1,1,0,0
14005,0.3998182644252612,0.5260416666666666,0.7512605087960716,0.1976284584980236,0.3117782909930716,0.7192982456140351,0.1372081652609705,0.0892857142857143,0.1260299285285772,0.1333627063414293,0.1668665854601626,0.9652089180565724,0.8829133957287074,0.4823401726011998,0.1609284183652439,0.8460038986354776,0.0406973495501871,0.3737757289579506,0.6061619577000978,0.3938380422999012,0.3699044864965331,0.1298575692340526,0.2633239146790839,0.2196998924593839,0.5972499538719094,0.3299997099420732,0.4786176481325526,0.7979417799421041,0.2270052216057596,0.6067921008236838,0.3844361101309096,0.7110117829024242,0.5727542981532956,0.5165299790900539,1.0,0.2400207346744017,0.6764715616738195,14,5,Female,HVHA,5,5.0,5.0,5.0,4.0,1,1,1,1,1,1
14006,0.3755111313039527,0.5416666666666666,0.7154986303060276,0.2055335968379446,0.3348729792147805,0.6666666666666665,0.1741840850751742,0.1071428571428571,0.591437958267943,0.0499045463815639,0.6486380406584167,0.3860309342308273,0.8352955679224163,0.4996174618199387,0.2744112131263334,0.6481203007518799,0.1736772605479417,0.3925967928138143,0.6715289045379296,0.3284710954620691,0.4836084216128262,0.1706223229202282,0.1855252105053813,0.2547816788941357,0.6158773233291873,0.4574419206789332,0.7122868116763041,0.6593181895013653,0.4009154636075218,0.3205430401967993,0.4695281481171203,0.5972158212933136,0.4057785842135845,0.3972111747711966,0.7036014990883483,0.2871898912686234,0.3901982951133911,14,6,Female,HVLA,6,3.0,5.0,3.0,3.0,1,0,0,0,1,2
14007,0.3599500227169468,0.5520833333333333,0.6852282464380606,0.2292490118577074,0.3233256351039261,0.7894736842105263,0.0951136780344701,0.125,0.808080645982607,0.294404583333834,0.4943117619432707,0.6927546769054121,0.9378629025349584,0.4988916017596872,0.3011728654701124,0.5806315789473686,0.3425468904244817,0.512192501879901,0.5186359053558462,0.4813640946441537,0.437216847431249,0.2624474650729733,0.4201853914193608,0.2763902497086224,0.8244846993830618,0.6162980800274316,0.3384834199308827,0.6696388229013657,0.349501845017792,0.419541784707943,0.4084129820703797,0.6417811609004319,0.4636306847848426,0.5345171804797568,0.7677132809295353,0.2760923881467159,0.3346782729569313,14,7,Female,HVHA,7,4.0,5.0,3.0,2.0,1,1,1,1,1,1
14008,0.3998182644252612,0.5260416666666666,0.7462199222557537,0.1897233201581026,0.2886836027713625,0.5964912280701755,0.1813348001466813,0.1428571428571428,0.5900912680925319,0.4515247994768866,0.3307305275072552,0.7996587624928586,0.954267773988832,0.7557042677559418,0.2444585220866495,0.8504755865567533,0.1453109575518262,0.5268634040790019,0.4345291303099332,0.5654708696900668,0.2196204479866548,0.4663895419110272,0.073199608700871,0.5843524641579183,0.262053395703674,0.0919632934253579,1.0,0.7532936290790455,0.3369592575160938,0.4769352173835178,0.2496782362808995,0.7654696609908845,0.5516148304060277,0.5892663344712863,0.9819294602468096,0.1653441417726441,0.5688783485691356,14,8,Female,HVLA,8,5.0,2.0,5.0,5.0,0,1,0,0,1,2
15001,0.6921853702862335,0.3906249999999999,0.8486956842409036,0.0869565217391303,0.1385681293302539,0.2807017543859649,0.2786945361202787,0.1875,0.4351919292647373,0.4469274227531694,0.315092096221004,0.6947150769171834,0.9181049879227866,0.6010839862719057,0.2999753644993721,0.6050071123755338,0.3343287265547877,0.3750271809734298,0.5265896754388522,0.4734103245611476,0.2853912919081338,0.2339434576165668,0.3054751526719966,0.2513658641185896,0.8414455328350883,0.5776997438090927,0.4668853756698041,0.9348877296013464,0.5527300293630775,0.4518899113708522,0.6475441998059832,0.7969997112652131,0.5511644754600303,0.5921806871712233,0.8130124676134898,0.4890014755513946,0.4551191827942709,15,1,Female,LVLA,1,4.0,3.0,4.0,4.0,0,1,0,1,0,1
15002,0.6771921853702862,0.3958333333333333,0.9011848131203782,0.0711462450592884,0.1270207852193995,0.4736842105263157,0.1643034673837753,0.1696428571428571,0.5493070356601152,0.4664178742230201,0.3626372683461301,0.7044801487304096,0.9293652450885788,0.6458202004901838,0.2451285931562128,0.4444078947368424,0.272059714933929,0.2924701526654623,0.4739033452303316,0.5260966547696677,0.3037657224196319,0.5975506702082443,0.2893532640767524,0.526024229458669,0.2078486637018024,0.1973506685250934,0.6975848028982128,0.8864888144797528,0.3540124289985968,0.4061005293831916,0.4589925783260952,0.7783689337357678,0.5356362456608813,0.550340851372789,0.8209649252485773,0.1979004427834341,0.6710603510084412,15,2,Female,LVLA,2,4.0,3.0,5.0,4.0,0,1,0,1,0,1
15003,0.4822807814629712,0.4791666666666666,0.8749138683441448,0.0948616600790513,0.161662817551963,0.5438596491228069,0.1604327099376604,0.1160714285714285,0.5335018472504822,0.5615518471294665,0.2604077364123924,0.7572295084406131,0.9583963810748716,0.6668994499626091,0.2345470955402397,0.5391651542649729,0.2782189742305255,0.4125814835151913,0.5004817789571954,0.4995182210428044,0.2952024984643839,0.3916883100232813,0.3131924675642908,0.2861541575039009,0.6864663243425749,0.5548695598171048,0.5040203863356973,0.9280739018630452,0.354092768091083,0.4188284098540601,0.5720748920104578,0.7560567325756884,0.554053368936418,0.5775233090690707,0.7461255717173012,0.4717846840190963,0.5682710606624644,15,3,Female,LVHA,3,4.0,4.0,5.0,4.0,1,1,1,1,0,0
15004,0.5586097228532485,0.4427083333333333,0.809253042149597,0.1106719367588932,0.161662817551963,0.4912280701754385,0.2562339567290062,0.125,0.731581517988705,0.4635545209558847,0.4471055825639249,0.661313689276881,0.932846555507369,0.6647484407798621,0.3084018377353137,0.5491465149359889,0.3566856669744928,0.3435083412757729,0.5879956254774985,0.412004374522501,0.2787041902974718,0.6364448476380957,0.4654290896226863,0.5639344179510024,0.5519682253365131,0.4320733643890636,0.5919237398527933,0.9110021311374944,0.5113382923745824,0.4286717664202322,0.4541077240946828,0.7833441144663186,0.5691138133009024,0.5859117452498906,0.8302007275037591,0.4002383509163357,0.4337241047488522,15,4,Female,LVHA,4,4.0,4.0,4.0,4.0,1,1,1,1,0,0
15005,0.5469104952294411,0.4479166666666666,0.890489812610295,0.0869565217391303,0.1385681293302539,0.5087719298245614,0.0783173555450783,0.1071428571428571,0.7116740284172073,0.520124210852415,0.4446735059814466,0.674598360724121,0.9325927688516852,0.534293353290463,0.2141469624593699,0.5671200473092846,0.5373478117801908,0.2838081586909151,0.5955378012235475,0.4044621987764523,0.2793835345895196,0.4715170236493411,0.2416412548967109,0.3962793850072936,0.3857486055984524,0.3191279953033308,0.6685418341798025,0.8069135293198305,0.3694693547497094,0.5501546974728648,0.7205523967044009,0.8145674912586456,0.7411669283449637,0.6256184595836533,0.7841149604789361,0.1353096442085923,0.6146243357867411,15,5,Female,HVHA,5,4.0,3.0,4.0,4.0,0,1,1,1,1,1
15006,0.3834620626987731,0.5364583333333333,0.9209245786451816,0.0632411067193675,0.115473441108545,0.2982456140350877,0.088581774844151,0.2142857142857143,0.6551430019137492,0.6882745925867665,0.3622146703539062,0.7190989249189618,0.947079285172992,0.6086986554245333,0.2148142165340087,0.6223032829598751,0.6306899199298015,0.5969997816888961,0.6067819621040824,0.3932180378959165,0.273733893450344,0.613686427165453,0.3722380548999941,0.4231215500897248,0.355284299376757,0.3579881723761369,0.5578053725770984,0.7870364021834996,0.311705881554722,0.3915694837370255,0.7178593774483111,0.8710383848860285,0.6939891097502313,0.5554318507291361,0.6690696079942295,0.1940088939353894,0.5649508252276716,15,6,Female,HVLA,6,4.0,3.0,5.0,4.0,0,1,0,0,1,2
15007,0.4256019990913221,0.5104166666666666,0.8162949948618462,0.1343873517786561,0.1963048498845264,0.5087719298245614,0.1917858452511918,0.125,0.889279617185826,0.3386396879162559,0.5116939413615196,0.6274174677355484,0.9347710020192358,0.5069314455183007,0.244881620176907,0.1559529892692901,0.180072846104095,0.0196803296252738,0.4635439950821325,0.5364560049178673,0.3910687005155187,0.4989579447664686,0.2763183540767969,0.5821598428016506,0.2800089971886179,0.1757108685195557,0.7949849559913521,0.8158732892835113,0.4683551537554471,0.5185341244685386,0.6492534508338836,0.7965075839083027,0.6163395325462122,0.5803782529453473,0.8091515359322665,0.3124322982054556,0.5782609171955342,15,7,Female,HVHA,7,4.0,3.0,5.0,4.0,0,1,1,1,1,1
15008,0.5244207178555202,0.4583333333333332,0.8721204242715271,0.0948616600790513,0.1685912240184757,0.4035087719298245,0.1755286639775088,0.2410714285714285,0.2221582357724701,0.6240896343214254,0.1708216151642343,0.787232798298339,0.9135042539656456,0.7483561971278918,0.2326114027269934,0.8020891924467661,0.6493583415597236,0.3406557992442622,0.5591247636059669,0.4408752363940325,0.2108087731818097,0.4256185147962069,0.3097973114487068,0.2615943092721358,0.7514494391126695,0.6093622843568404,0.4812301696655531,0.9071078090202196,0.3884370417719196,0.4161244675087009,0.642216324260357,0.7038266995136722,0.5209841182530354,0.5629387154677383,0.76823804100394,0.260322116677005,0.4707103331087057,15,8,Female,HVLA,8,4.0,4.0,4.0,4.0,1,1,0,0,1,2
16001,0.6211949114039073,0.4166666666666666,0.0,1.0,1.0,1.0,0.4913824715804913,0.3660714285714286,0.0,0.0,0.0,0.0,0.0,0.5241121714530808,1.0,0.5132486388384754,0.435520057435161,0.2924701526654623,0.2619705036140634,0.738029496385936,0.4325871658965292,0.6590640688470344,0.6398879085538691,0.5801641512995939,0.6600799725793085,0.5690219837977717,0.4836215488682435,0.3942219142110152,0.5241316070940434,0.1099524763165211,0.0854046513082298,0.2164964614451467,0.1537172307134738,0.0,0.6093220241606083,0.0,0.38270057402168,16,1,Female,LVLA,1,2.0,4.0,3.0,4.0,1,0,0,1,0,1
16002,0.6347114947751022,0.4114583333333333,0.7030676775214678,0.1185770750988142,0.1385681293302539,0.2456140350877192,0.4356435643564356,0.1428571428571428,0.6559304422784968,0.3046217185226259,0.5456223685876544,0.4897786551212088,0.8800869273667089,0.4013988547475695,0.3933596256494152,0.6875463306152709,0.6493583415597236,0.5445131696687833,0.6104847353291234,0.3895152646708757,0.4922658797229,0.21434946356846,0.2316995558886774,0.4076235877020459,0.9017225521675292,0.5850914927534756,0.8704888418890767,0.7372223512892163,0.7404925711939152,0.5036715182633487,0.6492713787530536,0.8238051760421222,0.6108661269897331,0.48402681790691,0.5709592700355506,0.4771907631956806,0.4245774860754576,16,2,Female,LVHA,2,3.0,2.0,5.0,4.0,0,0,1,1,0,0
16003,0.5586097228532485,0.4427083333333333,0.8126021530285651,0.0909090909090908,0.1501154734411085,0.1228070175438595,0.2777166605549444,0.2410714285714285,0.646409698757704,0.1158351325750769,0.6143972896328411,0.5491525771853575,0.8793025450565044,0.4596236620042933,0.3374093412328334,0.776413255360624,0.5162137495576374,0.4348368357391878,0.6339627204539622,0.3660372795460374,0.3288709863643769,0.5450776057727962,0.3510347736745983,0.4753761988809875,0.3629006283678047,0.3308691723107295,0.62524272658699,0.7032044731059599,0.5798145709732931,0.2445889281036228,0.4866439658026993,0.7320043569747325,0.5041983894906268,0.3835867878018868,0.6361919555322455,0.3502203409992151,0.3344780396682119,16,3,Female,LVLA,3,2.0,2.0,5.0,3.0,0,0,0,1,0,1
16004,0.5355520218082689,0.4531249999999999,0.7741553612732324,0.1185770750988142,0.161662817551963,0.456140350877193,0.4077741107444078,0.1160714285714285,0.3780215482856539,0.0962917349980966,0.4964643382986386,0.6121378832455802,0.8583931042541275,0.4486512069166202,0.3475708610552377,0.777285318559557,0.3133267522211254,0.5254436393500566,0.6424574813404769,0.3575425186595227,0.390195067749333,0.5762510976922364,0.4380646578711697,0.6758332224162935,0.4687089709898281,0.3027617466309185,0.7095502272098684,0.6099987788373405,0.6367884579013723,0.2560380109510914,0.5450482546280869,0.706706873691439,0.480010893483359,0.4853473905823424,0.630642532883023,0.2641440616921888,0.5088730843905422,16,4,Female,LVHA,4,3.0,3.0,5.0,3.0,0,0,1,1,0,0
16005,0.6347114947751022,0.4114583333333333,0.641895912657561,0.1739130434782608,0.2078521939953811,0.1578947368421053,0.462351790734629,0.3214285714285715,0.538696700296228,0.3781001880101725,0.4044769108296555,0.7254597595498012,0.9216868493811228,0.6554314576599511,0.4071674998083956,0.6860254083484576,0.5373478117801908,0.3265175636480824,0.558757466649928,0.4412425333500718,0.3134879882715675,0.6095629374287741,0.4156138224103246,0.7242655567973428,0.5543662839284674,0.3355763823824048,0.7506431958331938,0.6243581194353546,0.7917628947350013,0.7289937360182654,0.7127180801258609,0.7828737974920889,0.607309233847233,0.5522197808113903,0.8265059271635433,0.588039316535947,0.6677171542835934,16,5,Female,HVHA,5,4.0,2.0,5.0,3.0,0,1,1,1,1,1
16006,0.5135165833711949,0.4635416666666666,0.5928480174018301,0.1897233201581026,0.1963048498845264,0.1052631578947368,0.7750536958457749,0.2589285714285715,0.213846039411829,0.1176933263314461,0.3155341286250041,0.5778764025496093,0.8380063941001336,0.469382309979841,0.4332503240459175,0.6854570637119117,0.7096717037487027,0.4549195567564883,0.6254656855779224,0.3745343144220769,0.3468612804661745,0.4170496412417151,0.4568420482206038,0.5426769771938338,0.7628727213042527,0.4847508092351457,0.6255384713414944,0.6952492366779727,0.9363317623537152,0.5041078082787143,0.7930588209072444,0.7906034507832106,0.6210919866613533,0.4602126858084142,0.6434562742801297,0.7343277208217807,0.5294403050191718,16,6,Female,HVLA,6,5.0,1.0,5.0,3.0,0,1,0,0,1,2
16007,0.4822807814629712,0.4791666666666666,0.68531103655176,0.1660079051383398,0.2078521939953811,0.4035087719298245,0.345067840117345,0.2589285714285715,0.3476199807616311,0.1818334249155092,0.3134080619476716,0.852882827525393,0.9168069461710908,0.538715359531766,0.3878764461393968,0.7631578947368425,0.2573214873313589,0.4859213514303486,0.6191174403747957,0.3808825596252039,0.1537935142706726,0.4544851752950383,0.3874738185321025,0.2766890565224813,0.882847389862943,0.7188246593126736,0.4240666002726948,0.6166626451526328,0.5867528027817321,0.4606500786005832,0.4750604277648468,0.7106052878775777,0.5210218053519948,0.5132625429549205,0.6979262124408372,0.1795337370593525,0.5670848651819194,16,7,Female,HVHA,7,4.0,1.0,5.0,3.0,0,1,1,1,1,1
16008,0.5135165833711949,0.4635416666666666,0.5410614308943937,0.284584980237154,0.2424942263279444,0.1403508771929824,0.5958929226255959,0.2589285714285715,0.9018616337569656,0.1747077859390332,0.704772229484055,0.5295062523919989,0.8945203226737692,0.4441392490682036,0.4414170164055508,0.4678947368421053,0.3133267522211254,0.7006455342518545,0.6884702461080594,0.3115297538919392,0.342369788206792,0.755160450813142,0.5056599344764345,0.7068672553605151,0.5750505377178476,0.483426668180677,0.6405217224315112,0.5547474372540888,0.7033980784503597,0.6853452045870556,0.9747662685891972,0.822403387090699,0.6561924924561428,0.5449307485999485,0.4339180388666248,0.4184652340961227,0.6215767558725585,16,8,Female,HVLA,8,5.0,2.0,5.0,3.0,0,1,0,0,1,2
17001,0.4626306224443435,0.4895833333333333,0.746596119564683,0.1976284584980236,0.3117782909930716,0.6842105263157894,0.1203703703703703,0.1785714285714285,0.5429671818478794,0.257079842447132,0.4343922729791115,0.6562849636490345,0.907753330670957,0.6233050187312144,0.2090639394904145,0.5752631578947369,0.3024870235327834,0.4249709737373019,0.6318242293385661,0.3681757706614335,0.3731136505857598,0.2484475860567553,0.2319311128047121,0.1422776451564433,0.7361391217288877,0.6208100998750549,0.4071538542357285,0.9718889153664404,0.2595658280729205,0.4262686973910713,0.3255707612489334,0.8041094193410872,0.6072768331796433,0.5039233149571104,0.9150108907767818,0.2021937897156043,0.6710603510084412,17,1,Female,LVHA,1,3.0,4.0,1.0,2.0,1,0,1,1,0,0
17002,0.3998182644252612,0.5260416666666666,0.7141592334102644,0.2292490118577074,0.346420323325635,0.2807017543859649,0.0710182129324043,0.3214285714285715,0.6782934131689553,0.2467972408905371,0.4434645082989991,0.6798677972165018,0.9292031229259978,0.5555480610845587,0.2035061368576096,0.5072215422276622,0.5533493160344098,0.1898610010091479,0.4754064128136297,0.5245935871863701,0.2690580834559135,0.5380642548291235,0.2869818059381243,0.3644831780726535,0.407721220972718,0.4023373941429651,0.5860659513060127,0.7178528350782677,0.3038458148491341,0.4144656195804784,0.7468729207491768,0.7725305409641033,0.7053587820153873,0.4638865030733338,0.5473189656961681,0.1386912990834262,0.6251395616665323,17,2,Female,HVLA,2,4.0,3.0,3.0,3.0,0,1,0,0,1,2
17003,0.3599500227169468,0.5520833333333333,0.7326410879327117,0.2055335968379446,0.3117782909930716,0.7543859649122806,0.209020902090209,0.1696428571428571,0.6431368354326114,0.3199078427391116,0.3910864318171089,0.6685767951431209,0.9328911108630792,0.5050185355423269,0.2309040707890135,0.4180451127819551,0.2325090282029814,0.362816043125421,0.5963673167261636,0.4036326832738355,0.3704876613999948,0.4764918181663686,0.2751400988522192,0.4340864759485254,0.4039150000681007,0.338284100717083,0.6719815805084295,0.9310432883223048,0.3543571687422753,0.3942201262657246,0.5858936907466253,0.7803920853136174,0.5625610972763321,0.5604958062357648,0.7355941142036153,0.2169792246271971,0.6632737261090791,17,3,Female,LVLA,3,2.0,4.0,3.0,4.0,1,0,0,1,0,1
17004,0.3524534302589732,0.5572916666666666,0.7380857227057785,0.1976284584980236,0.3117782909930716,0.456140350877193,0.218047445770218,0.3035714285714286,0.4920529147792388,0.286915757930814,0.4277535929079802,0.6820774401305778,0.9036178714535448,0.734747238054803,0.2572698614353315,0.7402692778457771,0.6598593287265547,0.4385835821757422,0.5827198159995954,0.4172801840004032,0.2277663981531871,0.5574097655062102,0.3086954817867464,0.4128638347210538,0.5147154536963329,0.443138295260357,0.6050931061482956,0.787572410471184,0.4249463695039701,0.3795165700971259,0.398943944743021,0.7638455264705729,0.5798193344071204,0.5644956199270519,0.8439173561039492,0.4267998460534877,0.621693478894698,17,4,Female,HVHA,4,5.0,5.0,4.0,3.0,1,1,1,1,1,1
17005,0.3998182644252612,0.5260416666666666,0.7663570214474068,0.1897233201581026,0.3025404157043879,0.6491228070175439,0.1476592103654809,0.1071428571428571,0.1407914127912874,0.3842181134660837,0.1218477619690406,0.8697730374946432,0.9037230840236942,0.6653525713313131,0.1348765464140242,0.6842105263157898,0.452122408687068,0.4236611955060172,0.6317655037586429,0.3682344962413555,0.1428472680438204,0.4181406935164365,0.0880073394969301,0.2730808295689464,0.4562991500206551,0.387649797865857,0.7141468118619144,0.7128478300132158,0.2433697726401869,0.667878093218591,0.5703529515883453,0.7677209560717021,0.8077059826404359,0.5761046296843458,0.8929591684198321,0.0807935652470461,0.6332767994971835,17,5,Female,HVLA,5,3.0,2.0,1.0,1.0,0,0,0,0,1,2
17006,0.4082235347569286,0.5208333333333334,0.7235186864956351,0.2134387351778656,0.3348729792147805,0.807017543859649,0.1565619524915454,0.1339285714285714,0.7185577950510788,0.2303630428068956,0.4112612723066376,0.6910989702771082,0.9418291412583608,0.6554231699585684,0.2461314289788314,0.736315789473684,0.3353616105384104,0.4730246048460227,0.6075490905073997,0.3924509094926001,0.0617925772921086,0.4763353174559665,0.1314929689827337,0.1733802235041705,0.4118466554941077,0.4070496842988794,0.5591407149757954,0.8113522751963643,0.2854564949695073,0.3285831327414307,0.5170334545467923,0.7316973066245639,0.5002364439917366,0.2283474293290839,0.8091496736895794,0.0802223268221123,0.5189714703437451,17,6,Female,LVHA,6,3.0,4.0,2.0,1.0,1,0,1,1,0,0
17007,0.3915265788278055,0.5312499999999999,0.7156480858960583,0.2292490118577074,0.346420323325635,0.631578947368421,0.127867859249693,0.2589285714285715,0.6169250238305132,0.2943788018197268,0.4222309078637479,0.6497202747657065,0.9205462869897608,0.622519230142311,0.2197800346454892,0.4876731301939059,0.2461204343534057,0.4504935297856596,0.6179471750501384,0.3820528249498616,0.3453894373274997,0.5602076147831565,0.2483534337684469,0.4714133913127272,0.325405676657704,0.3231168216806266,0.6979804877426417,0.8671949765017078,0.3690441217390996,0.4745020493766823,0.3516506511389862,0.7109602487136633,0.5067865730137668,0.4988461469601291,0.8347053826584574,0.2136758799494192,0.5433593364728262,17,7,Female,LVLA,7,1.0,4.0,1.0,1.0,1,0,0,1,0,1
17008,0.3524534302589732,0.5572916666666666,0.7158780582892653,0.2134387351778656,0.3394919168591225,0.6666666666666665,0.2605885588558856,0.1339285714285714,0.9189188844463956,0.803065271936131,0.3892900268400984,0.7140721773069778,0.9711338450549984,0.7521987370043506,0.2486996372827798,0.465320836337419,0.2653222394584685,0.430035449564937,0.5574024283805772,0.4425975716194219,0.2819033342528553,0.4682354142375164,0.2693726138776849,0.3190937381847702,0.5555511835978061,0.496051285198115,0.5722124059568795,0.7532290525077718,0.3662812920913956,0.4629753851390358,0.2808348985044754,0.7275245465801832,0.5548472815960842,0.5911730064891056,0.8712624146364174,0.1668938042185532,0.4944653115087893,17,8,Female,HVHA,8,2.0,5.0,1.0,1.0,1,0,1,1,1,1
18001,0.5586097228532485,0.4427083333333333,0.7561105284614408,0.1581027667984189,0.2240184757505773,0.3157894736842106,0.2353318665199854,0.2678571428571429,0.2448703784815054,0.1699747702300321,0.3247106268022997,0.5180267708436371,0.8381025041836474,0.516113470627894,0.3099130079740648,0.5460082791247785,0.2676928326813157,0.4223332259104091,0.5790103921059748,0.4209896078940249,0.3259499383192285,0.1632379445587946,0.2071640789470176,0.2176654981833365,0.7225296209676679,0.4828690644504773,0.5933235480456855,0.8404912821670031,0.5553619542560841,0.4491605238935661,0.4898630944799854,0.7894374797187782,0.5927590005011245,0.5681673315412431,0.7408982134760054,0.4496621929965401,0.5526023012622798,18,1,Female,LVHA,1,3.0,4.0,2.0,1.0,1,0,1,1,0,0
18002,0.4256019990913221,0.5104166666666666,0.8017100483682792,0.142292490118577,0.2078521939953811,0.4035087719298245,0.3311331133113311,0.3214285714285715,0.6132000018641054,0.4701260491978166,0.3434424399392961,0.7158650986057152,0.9448766858445732,0.6991441676631822,0.2763366989549323,0.2800000000000002,0.2139371272054836,0.0035627193394245,0.5532322163793835,0.4467677836206158,0.2702399663788385,0.3302882397750652,0.1897493299752467,0.2522541864747708,0.5216116931333423,0.4176385346203954,0.6139511715500376,0.7647838867948351,0.4840358070700239,0.4571683923347397,0.4059965952866217,0.7086214575749924,0.4703084745115428,0.5486380726456933,0.9274895353953756,0.3219393683727105,0.5626234190540047,18,2,Female,HVLA,2,5.0,1.0,4.0,4.0,0,1,0,0,1,2
18003,0.3998182644252612,0.5260416666666666,0.7900401165396415,0.142292490118577,0.1963048498845264,0.4385964912280702,0.2893289328932893,0.2857142857142857,0.4738346788987286,0.4649416119417505,0.4062697477432148,0.5251469025611986,0.8808908130059077,0.7054652127406844,0.3022322257025638,0.6581235697940508,0.3899655357544898,0.4408636803093779,0.6473704805276324,0.3526295194723667,0.2711021411260765,0.2037002553759342,0.198347883673165,0.223150295854983,0.6804896674485096,0.4583667631959011,0.6035000678834304,0.9753184434725548,0.5638152201725102,0.4900695825531793,0.5968475126614611,0.8114625645162772,0.5870893290845474,0.6540543560992219,0.9056192230865552,0.4332446534077861,0.5576630387735759,18,3,Female,LVHA,3,2.0,4.0,2.0,1.0,1,0,1,1,0,0
18004,1.0,0.3072916666666666,0.72018939438835,0.1857707509881422,0.2147806004618936,0.0526315789473683,0.5088008800880087,0.4464285714285714,0.7399870135883905,0.4321313329209122,0.4703138233680244,0.6740087518220272,0.9315216510503932,0.607859030883493,0.3659427264584771,0.7076225045372055,0.2694965449160908,0.2721831355665229,0.3664849355436397,0.6335150644563599,0.1485157862995378,0.295870447107068,0.2524856777044902,0.2397180116395473,0.8716685057442439,0.6105640977576999,0.5249690477896647,0.6158379024863155,0.695292874384106,0.7088732359217893,0.7258958927596194,0.8583018573821053,0.6393616780456602,0.7113866436873458,0.7787248658424648,0.8081752822462314,0.733466342815376,18,4,Female,HVHA,4,5.0,2.0,4.0,3.0,0,1,1,1,1,1
18005,0.5586097228532485,0.4427083333333333,0.7870701485401322,0.1343873517786561,0.1916859122401847,0.3333333333333332,0.1139836205842806,0.2321428571428571,0.65804438002708,0.5218583343087689,0.4383764744613717,0.6704044852714747,0.9261515331015144,0.6803226250902084,0.3213722466388806,0.7724137931034485,0.3405725567620928,0.3820582396252825,0.49610608412253,0.5038939158774687,0.2320651794250083,0.5670038718645314,0.2908175835600798,0.4953799845732025,0.4035021212745353,0.3108543203761638,0.6822959389887601,0.6343178006722757,0.4693178970990821,0.3742705587517995,0.4651898726038165,0.5882680483448745,0.4015262307279136,0.4673095188917522,0.8262712711723328,0.2900948666830853,0.4169690075791754,18,5,Female,HVLA,5,4.0,2.0,4.0,2.0,0,1,0,0,1,2
18006,0.4723989095865516,0.4843749999999999,0.7527844184138762,0.1581027667984189,0.2193995381062355,0.3508771929824561,0.2624548169102624,0.2410714285714285,0.1901175888843277,0.0807698973387377,0.3646991845841701,0.7381690054194815,0.838293634768541,0.4219553770325678,0.326330482607073,0.5795013850415516,0.2335904428865427,0.4015964699174494,0.5798865042906154,0.4201134957093841,0.3880402610630479,0.0581752466948368,0.1790811973699643,0.1958214250251976,0.7830792414117203,0.4956490577427424,0.702137170471626,0.773353170283145,0.5531223343935132,0.4566585379619008,0.1729627232632989,0.6404976309211916,0.4303384684584795,0.5509794238284756,0.7697720723684247,0.2474150207371016,0.3301350415737965,18,6,Female,LVLA,6,4.0,2.0,4.0,2.0,0,1,0,1,0,1
18007,0.5705361199454795,0.4375,0.7254440550925499,0.1581027667984189,0.2078521939953811,0.456140350877193,0.3636474758586969,0.2053571428571428,0.4108555544023841,0.1169399660786137,0.405127388824308,0.6908118588310573,0.8929235528786658,0.5398017409849178,0.3559721037886287,0.3717959019686625,0.3015361701390692,0.4716925465133696,0.6496193160169645,0.3503806839830341,0.3505819636041834,0.4661181360867135,0.3955141349370101,0.5452697614081973,0.5998115600990344,0.3925171114330451,0.6709826982329045,0.7387626418842419,0.6291132099491958,0.5077888617770039,0.6179931461670901,0.7171194602286566,0.5117927183058063,0.5247824880426205,0.7739132450798198,0.7873741950814364,0.4019848451538279,18,7,Female,LVLA,7,2.0,4.0,2.0,1.0,1,0,0,1,0,1
18008,0.5135165833711949,0.4635416666666666,0.7449464405403291,0.1739130434782608,0.2424942263279444,0.5087719298245614,0.0994682801613494,0.1607142857142857,0.7795975225353543,0.1958368069807476,0.5156123425582089,0.6953443910360444,0.9315685223110258,0.5375780847164509,0.304025525042684,0.453441295546559,0.2106504332565537,0.3310588432327361,0.3789842800544953,0.621015719945504,0.299960952340237,0.6681625781973102,0.248048933658,0.6718188666860248,0.2043035358111431,0.1474745347216192,0.8042185291460746,0.6790234467387214,0.445234229582945,0.4937831198689509,0.367527611254703,0.6411629849622676,0.4486756738037118,0.5940178072843393,0.8741487709469213,0.2335925504026217,0.6510507104812753,18,8,Female,HVHA,8,5.0,5.0,2.0,4.0,1,1,1,1,1,1
19001,0.502839618355293,0.4687499999999999,0.7702198998181534,0.1343873517786561,0.1732101616628175,0.0350877192982456,0.2591370248135924,0.3660714285714286,0.6550660494099692,0.2595255870817067,0.5604281563401075,0.4767541413231007,0.875369654071112,0.47243247772741,0.3548744007762814,0.7006951340615695,0.7373666149579279,0.3067998710924908,0.6793187194245658,0.3206812805754337,0.5197830675025255,0.4310359815575445,0.3583154404305861,0.5488041495477928,0.4025293574240045,0.2881954976352796,0.7235505083006681,0.7096279086091295,0.712613878253815,0.4091439679133586,0.5739370604936863,0.7660046038080179,0.5499132308005467,0.4857302708649065,0.6469735282709514,0.5926915838804874,0.3633231961533265,19,1,Male,LVHA,1,4.0,4.0,2.0,4.0,1,1,1,1,0,0
19002,0.4530895047705588,0.4947916666666666,0.6904699313638478,0.1343873517786561,0.1870669745958429,0.1578947368421053,0.3818953323903818,0.3125,0.7996514354329342,0.2503321291816086,0.5233428978106427,0.6746140416047997,0.9299244194173548,0.5199506383631627,0.3853129187345563,0.5148684210526318,0.1693132139331546,0.6148888172736062,0.6777020892419552,0.3222979107580437,0.4525042051993176,0.2198456872971722,0.63295637937993,0.3585532982721369,0.8642418418637813,0.5771816621970757,0.1014973771973726,0.6900923497412265,0.6782573099975322,0.5746380829659983,0.6308875015859414,0.8321867887369275,0.5884431602002742,0.5095487888249225,0.6640037787918249,0.4121693469663091,0.4957730897704848,19,2,Male,HVLA,2,2.0,2.0,1.0,2.0,0,0,0,0,1,2
19003,0.4822807814629712,0.4791666666666666,0.7687613407351326,0.142292490118577,0.23094688221709,0.2807017543859649,0.2019689148402019,0.2321428571428571,0.8263803492064437,0.1154698295358966,0.7816703222266053,0.4487727105781388,0.8632147593768176,0.3811343218986868,0.3079143461315115,0.7871630295250323,0.6665907307565747,0.453679484969534,0.484077755699914,0.515922244300085,0.4163626198504546,0.1781335002633833,0.2949330792291226,0.2899780918139353,0.7627813477548827,0.5058402023052111,0.5618002462300087,0.6964108674618515,0.5120826354982329,0.2721841853871581,0.4458380705142463,0.8132343388598117,0.5969034513215754,0.4225120937495417,0.6349572438026518,0.1935895374101043,0.1412462955067265,19,3,Male,LVLA,3,2.0,2.0,4.0,4.0,0,0,0,1,0,1
19004,0.5469104952294411,0.4479166666666666,0.7349227639805369,0.1501976284584979,0.1963048498845264,0.1403508771929824,0.2855285528552854,0.3214285714285715,0.2279013520815772,0.0951228552593698,0.3794348973527094,0.733042555694296,0.8507363224092794,0.4862415504716353,0.357075019960799,0.6649550706033378,0.7679577260321699,0.2886769919053664,0.5456926463585203,0.4543073536414794,0.3154688013326495,0.4161171330333827,0.2776815739081402,0.4712792194791688,0.4764059736451465,0.3120863134051092,0.7310322522725032,0.5779400043900763,0.6528938939153199,0.3208852943029334,0.3858449686282922,0.6826842570789268,0.439335907295299,0.4973275888480801,0.710439484131328,0.3382834143073226,0.4041242134063194,19,4,Male,HVHA,4,5.0,4.0,1.0,1.0,1,1,1,1,1,1
19005,0.5469104952294411,0.4479166666666666,0.715225252329078,0.1660079051383398,0.2193995381062355,0.3508771929824561,0.4173542354235423,0.1875,0.8645337711018665,0.2255736735986411,0.6431216897825136,0.5399131440709871,0.9000681415580141,0.4583840307790096,0.3513485811091845,0.6960526315789473,0.5373478117801908,0.5082426435955281,0.5369815816396215,0.4630184183603782,0.5305714525247156,0.3595238693144063,0.3576449439323422,0.4849733122014773,0.552396329680041,0.3972612812061074,0.6886735253523338,0.7332878519609812,0.687152823216574,0.4472004220698154,0.5743656875997812,0.8730888510650359,0.6421514437560927,0.6348474434320525,0.6432545532622091,0.420034760297505,0.4457309597285481,19,5,Male,HVLA,5,5.0,1.0,5.0,1.0,0,1,0,0,1,2
19006,0.4925034075420264,0.4739583333333333,0.7693854717938599,0.1739130434782608,0.23094688221709,0.0175438596491228,0.2192198386505317,0.5089285714285714,0.8824852345343925,0.2356671575319273,0.544019959704698,0.5817638634065591,0.9223359839275688,0.6009728637316378,0.2995547857357044,0.7699533644237175,0.6973628543223804,0.5371467467419229,0.5235162458362601,0.4764837541637394,0.2800715937575296,0.3824626854790566,0.3211015545189913,0.3170065588751557,0.6783701838162132,0.5197316045959102,0.5302780823720521,0.7702559197156303,0.5467652285425084,0.3454029182781272,0.4129392049934841,0.769679396568948,0.545623012333371,0.4896299062952581,0.7650631980730029,0.2020210093051819,0.6710603510084412,19,6,Male,LVHA,6,5.0,5.0,5.0,4.0,1,1,1,1,0,0
19007,0.4822807814629712,0.4791666666666666,0.7655446187462651,0.1501976284584979,0.23094688221709,0.2456140350877192,0.271475064173084,0.2410714285714285,0.7157276011177013,0.0730512462572417,0.6319552980938816,0.4476980598860732,0.8678077245239613,0.4545477577627876,0.3104822735458983,0.6715411282697765,0.5796159362252975,0.6378045240143502,0.7431319251281978,0.2568680748718022,0.4687730496609898,0.3110505708259813,0.339870475298509,0.4746917744755782,0.6636071496465707,0.4227333192018911,0.7234561917516504,0.8299764416316712,0.58079967594531,0.3279553670872514,0.3856811847962629,0.7972105166395573,0.5724877252406666,0.5377844797425546,0.632221415801757,0.293658146200557,0.5251722168583914,19,7,Male,LVLA,7,2.0,4.0,2.0,1.0,1,0,0,1,0,1
19008,0.4925034075420264,0.4739583333333333,0.7055606505658928,0.1818181818181817,0.23094688221709,0.263157894736842,0.2923149457802922,0.3125,0.6056934191907123,0.1273067179360738,0.7692880268064664,0.4638020829776093,0.8396651350962603,0.4740689672232115,0.3829413109538626,0.3131578947368423,0.4296453792998708,0.2554517133956384,0.4292468964445342,0.5707531035554658,0.3459028127512646,0.4110654056408368,0.3558946112441477,0.4356125447676504,0.6765634708326004,0.4881951130277792,0.6170272253520026,0.4690133024569998,0.5929933891974055,0.1802382971175759,0.0359560074090922,0.4405289607058317,0.2915666011012878,0.3246692735577599,0.793130057320484,0.1731316865940547,0.6410586636787685,19,8,Male,HVHA,8,4.0,4.0,5.0,2.0,1,1,1,1,1,1
20001,0.662653339391186,0.4010416666666666,0.9593137455890336,0.0079051383399209,0.046189376443418,0.4035087719298245,0.0773603001325773,0.0625,0.3375264296033469,0.0781292674747633,0.6579187111510703,0.5045863170566316,0.8079088739587383,0.4065190353991579,0.3003458461847827,0.8006468685680685,0.6257771773956113,0.6701238873060769,0.5986462594655817,0.4013537405344172,0.3415244091554255,0.4190562163922313,0.1934406777911422,0.5256090649088403,0.5410831222752908,0.3340044189379117,0.8694863270451587,0.5756112458248235,0.3063874761035521,0.1045885603069917,0.0599144658513095,0.5304153375614646,0.345767173010901,0.2652151780404176,0.5694772749682615,0.2801880235300097,0.1042915393514544,20,1,Male,LVHA,1,4.0,2.0,4.0,3.0,0,1,1,1,0,0
20002,1.0,0.3072916666666666,1.0,0.0158102766798418,0.069284064665127,0.1052631578947368,0.0895978486737562,0.2142857142857143,0.5090053663487659,0.1920292322959011,0.3972774694190167,0.7435053059632171,0.920229721065766,0.44768167754653,0.2228223120009782,0.6576590730557741,0.7731594534213123,0.6935498248092102,0.4997297281998536,0.5002702718001464,0.3732648559696875,0.4658715567380702,0.4761799929717988,0.4298353651099977,0.637808703844174,0.4937660485093242,0.4891210356387921,0.5503008875559067,0.2637054681137369,0.116068509871294,0.4246629866520436,0.6017287921621267,0.3912909711255581,0.3525024052049704,0.5615934254749142,0.1169912696394701,0.4190565642522941,20,2,Male,HVLA,2,5.0,2.0,4.0,3.0,0,1,0,0,1,2
20003,0.6771921853702862,0.3958333333333333,0.9223386753306234,0.0158102766798418,0.046189376443418,0.3157894736842106,0.1888522185551888,0.1071428571428571,0.6554111368917459,0.2857604011936346,0.563123885310763,0.5093292584945468,0.8809457615869207,0.4897517781602722,0.3264516513380935,0.8690753911806546,0.7773703755934752,0.7889139542378345,0.6151924160857478,0.3848075839142515,0.3120636262056406,0.4208668570859116,0.3938318657902116,0.4580768394039658,0.555582513226139,0.3749152686472207,0.5999268877580646,0.6233770370462022,0.473430094418007,0.1751141543882315,0.5330933693708476,0.6085526924521794,0.3999819185391685,0.4113970719374853,0.5270155132723771,0.3096316890060178,0.2460284207829323,20,3,Male,LVHA,3,5.0,2.0,4.0,2.0,0,1,1,1,0,0
20004,0.6484552476147207,0.40625,0.8803095311340953,0.0395256916996047,0.0969976905311779,0.3157894736842106,0.1012101210121012,0.1071428571428571,0.3391229563774598,0.0738826266548982,0.597926328753208,0.6243399860705604,0.8353005617889191,0.4333358496306255,0.3259960005299638,0.936442371752165,0.4886475814412636,0.6682119041126451,0.5965649387262415,0.4034350612737578,0.4176823795955453,0.1650313225313079,0.3091734175345712,0.2726969300930432,0.7955521722325432,0.5474080221204465,0.4990137971904526,0.5091301504567177,0.3497876091473448,0.200224323794888,0.4011079734685896,0.6108374562618837,0.4133258211704191,0.3116328795984887,0.4747076865399231,0.2214993676878057,0.3145798610849063,20,4,Male,HVHA,4,4.0,2.0,4.0,3.0,0,1,1,1,1,1
20005,0.595184007269423,0.4270833333333333,0.9848005315779584,0.0237154150197628,0.0577367205542724,0.368421052631579,0.0907590759075907,0.0803571428571428,0.7435061838907204,0.5118621802488424,0.3919372144301447,0.7417663861576848,0.9550267102142072,0.5654009906635387,0.2295953435368043,0.8028375286041194,0.5548494570582428,0.760825686517292,0.6338704613170012,0.3661295386829979,0.342801550670933,0.5674836597608555,0.4066445702381806,0.5570776480620572,0.3562510444795641,0.2667924893910642,0.6426228371099107,0.7719298136867073,0.3084912195203886,0.2529383225386726,0.5530839022516744,0.7104152574759275,0.5291863428703267,0.5327829502347704,0.6578109861877062,0.2519043158137748,0.6130132203157606,20,5,Male,HVLA,5,4.0,2.0,4.0,3.0,0,1,0,0,1,2
20006,0.5135165833711949,0.4635416666666666,0.956609983814426,0.0237154150197628,0.069284064665127,0.3859649122807016,0.0965652120767632,0.0714285714285714,0.4047661197940364,0.1659656115514843,0.5551151279161712,0.5271422048465036,0.8420451720441959,0.3573673600382641,0.2644471291605197,0.6513157894736845,0.5944960412595443,0.7167467953987914,0.7149338731803856,0.2850661268196137,0.4331102246599117,0.3739665146181282,0.3871603310429071,0.4426828877836251,0.5210346131929198,0.363187171698333,0.6016234936871994,0.5644977684504737,0.3296639029970507,0.1341011078498924,0.3232031059421925,0.5832658576563732,0.3693534651001938,0.4425413270803617,0.4060009106155275,0.174574867020473,0.2754716545146227,20,6,Male,LVLA,6,4.0,2.0,4.0,1.0,0,1,0,1,0,1
20007,0.6921853702862335,0.3906249999999999,0.8650737337762374,0.0474308300395256,0.092378752886836,0.263157894736842,0.3279174071253279,0.1339285714285714,0.1757553261430116,0.181975931777556,0.3742173784216131,0.5963188394395225,0.8101572661228574,0.4291864216598554,0.3233547684271174,0.6280466266336986,0.4973440511446434,0.52376391769891,0.6898315910450532,0.3101684089549459,0.3497004238126164,0.4632220515472369,0.4430537090241941,0.5218162923256895,0.5890338671508992,0.3978738374408457,0.6064078480208159,0.5012670820844305,0.5376522728499646,0.1324036398156181,0.3984654387051197,0.6288587634200625,0.425766071991177,0.4660383553933255,0.4989589138805756,0.498381019526244,0.2543002184127096,20,7,Male,LVLA,7,4.0,2.0,4.0,1.0,0,1,0,1,0,1
20008,0.5469104952294411,0.4479166666666666,0.9307990168751592,0.0316205533596837,0.0808314087759815,0.3157894736842106,0.128084236995128,0.0803571428571428,0.2181580563772672,0.1213796761106879,0.8500545359702665,0.271812217007828,0.6921466126012434,0.1538523806504551,0.2915913226250419,0.930014224751067,0.6197084954416119,0.8807737982244315,0.5938079125086004,0.4061920874913987,0.7558228700745409,0.354284975296214,0.3787470572985613,0.7551501905136573,0.4452880308643943,0.221565087316834,0.9886581224195528,0.4070631939504403,0.285614916540245,0.0,0.0,0.4226778511028353,0.264507960341844,0.1457211204717242,0.7607834706066221,0.0835140146274271,0.1506304321113701,20,8,Male,HVHA,8,4.0,2.0,4.0,3.0,0,1,1,1,1,1
21001,0.3379145842798727,0.5677083333333333,0.7461421787519446,0.2055335968379446,0.3117782909930716,0.7017543859649122,0.1496498856234829,0.1875,0.615976310326762,0.0792084685687909,0.7151595347478497,0.4141723498506366,0.8371318311439677,0.3283016141838826,0.1682911315855919,0.6253200568990045,0.2262074512814887,0.7501473790116564,0.6780635523846101,0.321936447615389,0.4965121879553482,0.3466245741689266,0.3373079487017715,0.4449160436238274,0.5116186267672331,0.3592587149552611,0.6701196258183106,0.9380299927090562,0.2503053884429664,0.4651973490299071,0.5795361416628666,0.8066898927507581,0.611316875990744,0.4745703581169929,0.3916205074474579,0.1548846714199538,0.5057850294801893,21,1,Male,LVLA,1,3.0,3.0,3.0,4.0,0,0,0,1,0,1
21002,0.3915265788278055,0.5312499999999999,0.7558981230079359,0.1976284584980236,0.3117782909930716,0.7894736842105263,0.1615939371714949,0.1160714285714285,0.2989242247299787,0.0859286265811228,0.4437613423456084,0.530464723679583,0.8335831884608716,0.1347375152810689,0.0396208729622457,0.6557894736842109,0.3327131900675829,0.6148888172736062,0.6847091509537684,0.3152908490462307,0.6681729404417185,0.2744275690788733,0.5446836646572206,0.6257128965307042,0.4326802762464115,0.2079741428211827,0.680483931099183,0.8156056457656146,0.2306557818486805,0.7515509756918863,0.734490881733923,0.9396588711619296,0.8154350019661057,0.8563731944953977,0.2798251876920865,0.3295532250299666,0.5004609189033691,21,2,Male,LVLA,2,3.0,3.0,3.0,3.0,0,0,0,1,0,1
21003,0.4530895047705588,0.4947916666666666,0.727317717503184,0.2134387351778656,0.3348729792147805,0.5087719298245614,0.1996241290795746,0.3125,0.1737883646314624,0.032848581234236,0.4747376015403629,0.5102412762590781,0.7763133195872913,0.216438067183168,0.1717203431246654,0.8020891924467661,0.0693586120163896,0.745681294425967,0.6302014122187349,0.369798587781265,0.5658436080150138,0.2873090016845394,0.2841895267582027,0.4358542545910611,0.4852971485346051,0.3338324261533157,0.7602110940236844,0.8780454683425215,0.3273650647517965,0.3213291736298011,0.63562712588321,0.823114205154884,0.6248069101486422,0.4918551996220256,0.2734506364789224,0.0825776331180647,0.2787822797976713,21,3,Male,LVHA,3,2.0,1.0,2.0,4.0,0,0,1,1,0,0
21004,0.5244207178555202,0.4583333333333332,0.7731914320166964,0.1897233201581026,0.2886836027713625,0.6666666666666665,0.2322836450311698,0.2142857142857143,0.4699216859583224,0.4849697716443643,0.5072232731040176,0.3708503059599826,0.8312395681898881,0.3065567089298583,0.0646875732005212,0.8121398386477141,0.1406438521443457,0.4266896872534675,0.4184869849409021,0.5815130150590979,0.5930144557719728,0.2935051758464629,0.3282978145044581,0.4926860059579948,0.5357400124339783,0.3755027434793292,0.7754475320178341,0.9030146503586676,0.2862458833852903,0.8171363895358983,0.9949047611198724,0.926982569926945,0.9090207339124358,0.9317493856554588,0.4351643807708623,0.2942319420843655,0.5595937954767389,21,4,Male,LVHA,4,3.0,2.0,3.0,1.0,0,0,1,1,0,0
21005,0.3834620626987731,0.5364583333333333,0.7433742622538043,0.1818181818181817,0.277136258660508,0.368421052631579,0.2475247524752475,0.2857142857142857,0.5874729390840524,0.4268277758176289,0.4435679752313876,0.6767133171262074,0.9158902848225752,0.7047692771215719,0.2704518274587077,0.3157894736842106,0.248288380091074,0.8061164390411948,0.8060491495282864,0.1939508504717113,0.1362185577027075,0.4389061942849629,0.4871364522048942,0.2141538788891263,0.932914846987694,0.7377940773527084,0.2647783836098921,0.6770110981088562,0.4416857767815505,0.2744275432266514,0.7366554254048415,0.6918324384880483,0.5789251292877685,0.5360808583952654,0.492783631634774,0.2385941424766922,0.4470320827127834,21,5,Male,HVHA,5,5.0,4.0,3.0,2.0,1,1,1,1,1,1
21006,0.3755111313039527,0.5416666666666666,0.7722930284366766,0.1818181818181817,0.3002309468822169,0.736842105263158,0.1162167498801162,0.0714285714285714,0.4302745950924949,0.0691169110864201,0.870517587933354,0.3849997693842185,0.7819795832769297,0.4663829223461749,0.1191222786219927,0.7838056680161944,0.5053448032717529,0.6765066065098289,0.8347325480060817,0.1652674519939174,0.5732386736522164,0.5212298996282383,0.4821108383709783,0.3865105949038449,0.6543031458720633,0.6285980996252082,0.44716283863777,0.7215661692870372,0.1607702666996873,0.4489727926769412,0.9267387212677012,0.8416087481595613,0.6997115084676566,0.4804308304084157,0.2633248014930123,0.0373803350216382,0.4046519409138034,21,6,Male,HVLA,6,5.0,3.0,5.0,3.0,0,1,0,0,1,2
21007,0.3998182644252612,0.5260416666666666,0.7634673893346218,0.1739130434782608,0.2655889145496536,0.6491228070175439,0.2207272009252207,0.0714285714285714,0.8197689397318714,0.0377454955998575,0.7695972513748444,0.4448521837717078,0.8630131932779042,0.3161039974031707,0.234764241498097,0.5666847531199135,0.1144509136329753,0.6467600875682047,0.966961287372564,0.0330387126274349,0.6718846229585951,0.4435830228849047,0.593450691245557,0.4939249374787582,0.6893410103622757,0.5713496226639863,0.4410525956721119,0.7411809324851558,0.4438810136336217,0.2310510686008486,0.6392963689343515,0.816674175937781,0.6403804728895511,0.420111905843966,0.2341614476892637,0.0438749404119053,0.4159612670738839,21,7,Male,HVHA,7,5.0,4.0,5.0,5.0,1,1,1,1,1,1
21008,0.4168559745570196,0.515625,0.7358895374630422,0.2055335968379446,0.3233256351039261,0.7719298245614035,0.1617725875151617,0.0982142857142857,0.5847300646354348,0.2666211853925884,0.3536579524194288,0.7931168636153704,0.947536133876142,0.7478297638493132,0.2144323638043577,0.6009868421052631,0.4071030097109667,0.4880286629637353,0.6690935009651424,0.3309064990348571,0.2159464588395195,0.3503606081886774,0.3524872849254598,0.1503861337402632,0.8525205292917956,0.6919969870750988,0.2968965252996365,0.8818972021337256,0.2138135717665066,0.2841490650406371,0.6716754274320126,0.7922436500163723,0.581479568316619,0.4943960861481048,0.6772499870046857,0.1761310067019022,0.534163174535834,21,8,Male,HVLA,8,1.0,2.0,2.0,1.0,0,0,0,0,1,2
22001,0.3169014084507041,0.5833333333333333,0.6206034176846562,0.3241106719367588,0.4965357967667435,0.912280701754386,0.2796818143352797,0.0803571428571428,0.4726932852406809,0.0586314975990328,0.6866913163253117,0.3329989153815395,0.7972753135551307,0.1181656777411696,0.1187173419911493,0.6067734553775743,0.064199884263199,0.8921688688366101,0.9572267344128388,0.0427732655871599,0.8071733669194723,0.2996500757845418,0.4398593182359374,0.5696816281777037,0.5033288146965718,0.3770462337962704,0.7288470653189922,0.5716834642351406,0.4685997865835041,0.6605620543803146,0.7715517977404325,0.9692479223920284,0.9758175311508416,0.7387267301031658,0.2061288731047961,0.4271544135096429,0.5028145337314593,22,1,Male,LVLA,1,2.0,3.0,4.0,3.0,0,0,0,1,0,1
22002,0.2722626079054975,0.6197916666666666,0.6588058790382452,0.2885375494071146,0.4272517321016166,0.7894736842105263,0.1987532086541987,0.2053571428571428,0.3696978264190408,0.0263525515553516,0.8547449204514332,0.2900863579882551,0.7446167924893922,0.0967067794788414,0.0954730872115785,0.4899004267425324,0.2923247778874629,0.8435733958822689,0.8569301285093571,0.1430698714906428,0.9941852852297524,0.0,0.4888036372156247,0.4439015270729068,0.905165761499926,0.618200210333723,0.5114798210887302,0.6541968216077239,0.4010705346735526,0.6871206682671005,1.0,1.0,0.9104239989293088,0.7892760322650153,0.3716774468797954,0.2913497145549826,0.4707751899886812,22,2,Male,LVHA,2,3.0,2.0,2.0,2.0,0,0,1,1,0,0
22003,0.3307587460245343,0.5729166666666666,0.6389449843346129,0.300395256916996,0.4272517321016166,0.8596491228070176,0.3298663199653299,0.0982142857142857,0.4732566214700689,0.0255321721650547,0.8591274793643413,0.1655115428125,0.7161577447267753,0.0,0.139364946704174,0.2320268756998884,0.1117077986179664,0.7062998232833881,0.7979066325939701,0.2020933674060299,0.9529686766362298,0.4493316373683044,0.5450982693819486,0.7003502756214466,0.4645116962605153,0.4427941946735569,0.6874970882268034,0.8261108687697806,0.5143948013912143,0.584969161353265,0.8828936351814846,0.910846870625754,0.9083236669108296,0.6763883599557429,0.0245508886697836,0.3049999662573607,0.631572811007655,22,3,Male,LVLA,3,2.0,2.0,3.0,4.0,0,0,0,1,0,1
22004,0.2722626079054975,0.6197916666666666,0.6773441557740105,0.2687747035573122,0.392609699769053,0.5964912280701755,0.3678701203453678,0.3392857142857143,0.4983850762246265,0.0296320186721125,0.964722615246708,0.249875644601433,0.7477605184543002,0.0761752649118875,0.1134708897326373,0.528289473684211,0.1328653431318781,0.7124245138033061,0.6352741769783281,0.3647258230216708,0.9999999999999998,0.2387322119013272,0.5633843954647546,0.458006947916951,0.7899997337081651,0.712018003122359,0.3983608733596088,0.4935334714566092,0.4712608234935442,0.5738257993910256,0.9738535482962362,0.9006897313779473,1.0,0.7744836341924964,0.0,0.1649999910336646,0.2434802166345194,22,4,Male,LVHA,4,3.0,3.0,4.0,4.0,0,0,1,1,0,0
22005,0.3307587460245343,0.5729166666666666,0.6361959997604806,0.3162055335968379,0.4041570438799077,0.631578947368421,0.2518793546021268,0.3214285714285715,0.7173569601238945,0.0683306191826518,0.9999999999999998,0.2902750991736448,0.7907297724232146,0.3121619563228165,0.1825463440868557,0.395627530364373,0.2243772138667905,0.712180063436064,0.5699927478583087,0.4300072521416906,0.5149618229119306,0.4167575501542849,0.438547537763106,0.175608135496132,0.8161708559350099,0.8286209448394307,0.2631820327500996,0.5691655522936264,0.481689443981377,0.4868820475910795,0.6601093398037425,0.7580832177793442,0.6721674063932563,0.6552377342373019,0.3954462292405596,0.0987927811788424,0.5098651930498752,22,5,Male,HVHA,5,5.0,4.0,4.0,4.0,1,1,1,1,1,1
22006,0.443661971830986,0.5,0.6578547611516162,0.284584980237154,0.4157043879907621,0.7719298245614035,0.3573947138303573,0.3035714285714286,0.3000926793010078,0.0378596011338576,0.8142418709603463,0.3721006555419276,0.7523362121421591,0.1816405412668402,0.1493778124222955,0.6697076023391815,0.2099324170400182,0.7258008378988077,0.9637636144726124,0.0362363855273859,0.7247466147654138,0.3279153306828796,0.4840177374629483,0.0896205193073474,0.9574374554075586,1.0,0.0478302403133062,0.8100611439847026,0.5137903609274568,0.5343254860862934,0.8171141313371477,0.8173919979368259,0.7659752911414107,0.6631569780983523,0.2224615317485607,0.1189261209070744,0.2594709392765133,22,6,Male,HVLA,6,3.0,1.0,4.0,4.0,0,0,0,0,1,2
22007,0.5469104952294411,0.4479166666666666,0.6885492438277112,0.2529644268774703,0.346420323325635,0.631578947368421,0.3346167950128346,0.1517857142857143,0.471654336602518,0.2298643520845887,0.3750356536974634,0.7929920921406745,0.9237069939018488,0.3090451756527624,0.1810526704013415,0.3836660617059895,0.2013162224415926,0.5308645592242112,0.5557170674410725,0.4442829325589261,0.5443412118889792,0.4604017200526755,0.4496623097067038,0.2754110951402344,0.6969461494447,0.7117825475022977,0.3665213627414702,0.5062948497280835,0.4762271528506667,0.5140600133831708,0.5598628026006894,0.71191006409598,0.6927973515820065,0.6623000216517642,0.2189055961526547,0.1932622847230604,0.2583883532376304,22,7,Male,HVHA,7,5.0,1.0,1.0,5.0,0,1,1,1,1,1
22008,0.4168559745570196,0.515625,0.7132430691957882,0.2371541501976284,0.3579676674364896,0.2280701754385965,0.2397832375830175,0.4196428571428572,0.6371397902494896,0.1171396493010584,0.807747548903637,0.4358010023184206,0.8345296109763074,0.5284889431400723,0.1546854511689552,0.7349030470914126,0.2951628825271471,0.6367218921998266,0.0833851118668818,0.9166148881331192,0.5263308920813763,0.6507387353982539,0.4226714570754452,0.2142285260017528,0.5516874704747293,0.8224297020856985,0.3740861717902396,0.6976601289914609,0.4175600004790365,0.5419864361896991,0.8712177600557479,0.8285510473719605,0.7828776842882487,0.6355232935522328,0.5043356218209185,0.0439825313075021,0.4887114438072224,22,8,Male,HVLA,8,4.0,3.0,2.0,4.0,0,1,0,0,1,2
23001,0.4437755565651975,0.5,0.7720447424226032,0.1818181818181817,0.2725173210161661,0.3859649122807016,0.265967773247913,0.2232142857142857,0.5898091376785182,0.0893032927213341,0.6713656355055035,0.4781179846445888,0.8513556709464558,0.2440089070227754,0.1420463529819955,0.2800000000000002,0.0716860587641558,0.4632512890750884,0.842060110087357,0.1579398899126425,0.4398428419547037,0.5542892673869146,0.3596359988891399,0.4119859040344037,0.5158510641262916,0.5193221770029862,0.5652975098872925,0.9158626890980314,0.4229359054619015,0.6389370398885321,0.4500499930311636,0.8586960320616022,0.7767800110021797,0.6198579232327242,0.547750530016855,0.2234641398522086,0.5509869649464969,23,1,Male,LVHA,1,4.0,3.0,5.0,5.0,0,1,1,1,0,0
23002,0.3307587460245343,0.5729166666666666,0.822979805506782,0.1383399209486165,0.2193995381062355,0.5438596491228069,0.1662388461068328,0.2232142857142857,0.515843876852369,0.2966060713324684,0.5509637186684946,0.5885658990505989,0.8742379972400393,0.3197301549401926,0.1579466657410193,0.5714285714285716,0.4313919052319842,0.4074003433148956,0.6765543403171241,0.3234456596828754,0.7064850942711027,0.225357038108985,0.387280244983663,0.5505735276183071,0.6619011850636536,0.4504269921303521,0.8440606084344708,0.7922596610285529,0.356415902857029,0.562485279114368,0.603868307540011,0.8602850314318236,0.6892286342499916,0.6668034171334772,0.6063358152546847,0.1866980062456624,0.6629826582605696,23,2,Male,HVLA,2,5.0,4.0,5.0,5.0,1,1,0,0,1,2
23003,0.4082235347569286,0.5208333333333334,0.7938606995655583,0.1660079051383398,0.2540415704387991,0.5614035087719298,0.2150103899278816,0.2142857142857143,0.8424417500465676,0.1385107785365423,0.8525159869862504,0.2720511326898102,0.8128497132820733,0.3106651156846682,0.1794185203536114,0.4254668930390495,0.3249140484052149,0.3129006423039984,0.6259237295391968,0.3740762704608029,0.5740733753800691,0.4715873861124106,0.4397733029061735,0.5229852181441317,0.5925323713730358,0.4815857914517543,0.6086058096066462,0.920242134255304,0.3453501512913994,0.4812214652795422,0.5488167531804407,0.8469441058278943,0.7359753340603385,0.5283278362259682,0.5045557314455307,0.1112753550767414,0.6642856064481804,23,3,Male,LVLA,3,4.0,3.0,5.0,5.0,0,1,0,1,0,1
23004,0.4723989095865516,0.4843749999999999,0.8031040844446856,0.1660079051383398,0.2540415704387991,0.4035087719298245,0.0550928108683884,0.2321428571428571,0.3923147850266597,0.2470613025456706,0.4202604067612727,0.6938149473094535,0.8862789339000601,0.580627980130132,0.158304053515617,0.4989639452963121,0.6665907307565747,0.3924716636134429,0.5544953277396234,0.4455046722603759,0.3235183897483137,0.6871702535084112,0.3472185014103741,0.563258854628782,0.3711372190463166,0.3645120376892224,0.6603460980454059,0.9074291126803488,0.3176361647394903,0.5572913086362532,0.5990211985760294,0.7872282390036762,0.6505362751927628,0.5383669117619528,0.8249464102176391,0.1376542187385749,0.6356817073787668,23,4,Male,HVHA,4,5.0,4.0,5.0,5.0,1,1,1,1,1,1
23005,0.443661971830986,0.5,0.7903080964295756,0.1581027667984189,0.2424942263279444,0.6140350877192982,0.2886955362202887,0.1607142857142857,0.7197813835345404,0.3063035712965783,0.4045481079432839,0.7550505722775038,0.9512165197015208,0.5701321741532379,0.2093239179442065,0.5444444444444447,0.3425468904244817,0.5488697573776529,0.719860648060181,0.2801393519398172,0.4957316924984973,0.405657002042432,0.321902745839402,0.3835005464907511,0.5136815247241189,0.4516023245498533,0.5979689518693878,0.8158805830450379,0.4148008556458735,0.5080915823364112,0.5850730625619361,0.8631023683797895,0.7287092818857475,0.6383794854345567,0.6772320835994474,0.2004250286137602,0.6055415036403315,23,5,Male,HVLA,5,5.0,4.0,5.0,5.0,1,1,0,0,1,2
23006,0.3915265788278055,0.5312499999999999,0.8144725666314282,0.1343873517786561,0.1916859122401847,0.4736842105263157,0.2147371599905088,0.1964285714285714,0.6064540143153316,0.0876108791760443,0.5824193792207608,0.5505194343585235,0.8782013958719412,0.3465947998969642,0.235654710143395,0.6784881667255389,0.3391753360164021,0.5412746442922773,0.6425277916733587,0.3574722083266408,0.4479674870637419,0.3129492643002591,0.3504657005639254,0.3407694585708327,0.679066494038317,0.5104417049173637,0.5320136835937418,0.7943809607099005,0.4987662516444004,0.3498069047268936,0.5817233701899802,0.7885788746512027,0.6122815721243362,0.5756891750184022,0.5815862581328428,0.2600763667549465,0.574631683721466,23,6,Male,LVHA,6,4.0,3.0,5.0,5.0,0,1,1,1,0,0
23007,0.4082235347569286,0.5208333333333334,0.7896530957351481,0.1660079051383398,0.2540415704387991,0.2807017543859649,0.2184940716293851,0.2946428571428572,0.2465986757035742,0.1468338780802963,0.3308099873590855,0.6996363865372692,0.8642357677324732,0.6117442978480585,0.2216162442955958,0.5682768565248737,0.264690601132644,0.535665945398462,0.61373679416456,0.3862632058354387,0.1241095458168343,0.5628638752542534,0.2315377949533617,0.3194494276960906,0.3884252231241237,0.3716723807830423,0.5889127302586318,0.8450239809818757,0.4593482924935397,0.3954917221212513,0.5369134175002718,0.7635378655316437,0.5698674293808519,0.5435125199272898,0.6143433296319811,0.2572673012957689,0.3940816395807383,23,7,Male,LVLA,7,3.0,3.0,5.0,5.0,0,0,0,1,0,1
23008,0.5135165833711949,0.4635416666666666,0.7185804364671609,0.1976284584980236,0.2655889145496536,0.631578947368421,0.2513955099213625,0.1607142857142857,0.6781077765624434,0.3336808550611196,0.5173234023213655,0.6425167128156056,0.9117192368221656,0.4962848943150322,0.2937255591243264,0.6240963855421686,0.4093357777464391,0.6148888172736062,0.7395297836737096,0.2604702163262893,0.3266122954335747,0.3256759239654941,0.4353524915168391,0.3003056015739425,0.8482309974157479,0.6196956746055601,0.3743707043514067,0.7407827432742085,0.5792415790915297,0.3771435396615001,0.6458965692653504,0.7654125381243423,0.5720236820901868,0.6769854691227114,0.587638808986573,0.2878503494983789,0.5320840529940472,23,8,Male,HVHA,8,5.0,4.0,5.0,5.0,1,1,1,1,1,1
24001,0.3307587460245343,0.5729166666666666,0.7174380364216564,0.2292490118577074,0.3348729792147805,0.5438596491228069,0.2916513873609583,0.2946428571428572,0.2023665869211313,0.0774191601238419,0.1835854076506186,0.8861417658167596,0.9108704516200412,0.5882408769625633,0.1676892894201482,0.5581433899709909,0.0868706811451135,0.4738989605466552,0.5771789803021876,0.4228210196978113,0.1426675292011294,0.3936035164306454,0.0866270658142297,0.2875122574959181,0.3935904934112412,0.3197836458995806,0.7433483183598808,0.8555169765197598,0.4186491044108196,0.725034156471823,0.6765374297020709,0.8584783630140648,0.804077027308382,0.6570196513102269,0.8539919182469422,0.3451518001122316,0.4337241047488522,24,1,Female,LVLA,1,2.0,4.0,3.0,3.0,1,0,0,1,0,1
24002,0.2662426169922762,0.6249999999999999,0.6938886163511636,0.2529644268774703,0.3810623556581985,0.8771929824561404,0.2736523652365236,0.1785714285714285,0.189163758271262,0.0170490089483108,0.3545734917547464,0.701873401346839,0.8355154524621403,0.2307879897125345,0.0840446308583346,0.6318029115341544,0.048287752179414,0.6307333916486351,0.6272143029725528,0.372785697027447,0.4797039975598532,0.279157351742451,0.312298484268835,0.5313488092223614,0.3752257894881005,0.1704768545072047,0.8656917628536924,0.7020362128748181,0.3417055048068793,0.8440624457065511,0.9409208227914768,0.7683122219562046,0.8723838299647999,0.9221758563418452,0.5688467952815977,0.3433475792998683,0.5445349378583728,24,2,Female,LVLA,2,1.0,3.0,3.0,3.0,0,0,0,1,0,1
24003,0.3524534302589732,0.5572916666666666,0.7171365295967917,0.2292490118577074,0.346420323325635,0.7894736842105263,0.340422931182007,0.0714285714285714,0.0744760295969554,0.031776877199406,0.2223683917262338,0.8317164650763552,0.8030383563002568,0.2638352258088908,0.1022545424121617,0.8067476383265859,0.0182746249969903,0.6956499973405004,0.7320155634275598,0.26798443657244,0.1875218677934939,0.2280396260238738,0.1297687426371016,0.3239327223923632,0.3912372018340808,0.1813970417092207,0.8775418856009409,0.5760286103685412,0.390321338417398,0.833203872313369,0.8038301867283956,0.8151076730285909,0.8938903129509223,0.9916795761780454,0.7312397699284405,0.6907387030750329,0.5695587898427446,24,3,Female,LVHA,3,1.0,4.0,3.0,2.0,1,0,1,1,0,0
24004,0.4256019990913221,0.5104166666666666,0.7233427179848027,0.2292490118577074,0.346420323325635,0.8245614035087718,0.2243002077985576,0.0982142857142857,0.2693220025937582,0.040981542604659,0.3720231213152878,0.7880107418054084,0.8736685789864913,0.2957491704754239,0.0859185950138941,0.528289473684211,0.084997595362847,0.5202078240569707,0.5159321862468553,0.4840678137531442,0.3652163733929358,0.1818761589366353,0.1967548632200607,0.2025824251178073,0.6957954834969217,0.5323555252767693,0.5752900302564379,0.6374652593876986,0.3469457630600112,0.8364115982911928,0.8618663333691451,0.9430352646826202,0.9593292850139536,0.8738487200420516,0.589315382108845,0.4985528855890725,0.6438418536077839,24,4,Female,LVHA,4,1.0,3.0,3.0,3.0,0,0,1,1,0,0
24005,0.4925034075420264,0.4739583333333333,0.7081146391311763,0.2371541501976284,0.3371824480369515,0.7719298245614035,0.3072450102153072,0.1428571428571428,0.1902327046240767,0.0729343144370574,0.2935392623624287,0.8922253076819231,0.8720024266367064,0.5512377872218011,0.1873409321980979,0.8038277511961724,0.0154805707619133,0.4203063249486911,0.4773500928360183,0.5226499071639814,0.0710542095666921,0.1947006577721285,0.100304481696884,0.0,0.7957273950852574,0.6037064637758949,0.3611535823845498,0.55948905620747,0.4049022669372364,0.6138088216240563,0.5821490773119287,0.7645170442314051,0.6847788757574761,0.6219619711047962,0.8986379746521926,0.1360465754892691,0.4699016598725476,24,5,Female,HVHA,5,2.0,3.0,3.0,3.0,0,0,1,1,1,1
24006,0.4925034075420264,0.4739583333333333,0.7097926487779793,0.2371541501976284,0.3371824480369515,0.7192982456140351,0.2022368903557022,0.1964285714285714,0.8148389013645213,0.1378612580210489,0.5427098339072518,0.6874722589192759,0.9303482858631524,0.4499046485999228,0.1872858084237498,0.2800000000000002,0.0108983218163869,0.5308645592242112,0.7640503248747939,0.2359496751252048,0.4733101865619194,0.6239443670077611,0.2716778627605763,0.6616406398619367,0.2101889700806247,0.2220024324265789,0.8004944264934882,0.6289245223756036,0.3533841117005984,0.610681492706993,0.806725304812537,0.848910733408211,0.7282500563405386,0.6456476787445429,0.7967714818903966,0.1079776469552536,0.6522883086525262,24,6,Female,HVLA,6,4.0,2.0,3.0,3.0,0,1,0,0,1,2
24007,0.3379145842798727,0.5677083333333333,0.7391361792562227,0.2134387351778656,0.3233256351039261,0.7894736842105263,0.3045304530453045,0.0357142857142857,0.1092449601769374,0.050009679845677,0.1263612200191181,1.0000000000000002,0.8914679317308485,0.4446346385606771,0.0969414499472884,0.4658743633276745,0.0,0.3544600395624977,0.5343098784949352,0.4656901215050637,0.1168241334708733,0.3178792910271014,0.0551638873026679,0.3434632112030664,0.3073381271865298,0.1448037348587593,0.905948076406248,0.5754307318917642,0.3667397706883217,0.904445883786118,0.7204424567581496,0.8669996057133087,0.860285501533334,0.9165135232070551,0.818911786045847,0.9957148971374268,0.476115943258053,24,7,Female,HVHA,7,3.0,3.0,3.0,2.0,0,0,1,1,1,1
24008,0.4082235347569286,0.5208333333333334,0.7138991200969064,0.2292490118577074,0.3348729792147805,0.8596491228070176,0.2506917358402507,0.1428571428571428,0.3711125008812574,0.0585933695706131,0.4637672451429094,0.7632862324270218,0.8820079273640435,0.1986755150215676,0.1408187797742455,0.3836660617059895,0.0952009837030879,0.3691976323443624,0.5147736112609766,0.4852263887390229,0.638616630742018,0.2190592584155467,0.3187134243358767,0.4583371968333652,0.5328272233200982,0.3795320449728215,0.8060857699855938,0.8662908490721825,0.372803711722087,0.6459600343412579,0.6538580264322508,0.827357690883799,0.7211701143857129,0.6493457313362982,0.5597867107337162,0.1293774596156238,0.6255734861823021,24,8,Female,HVLA,8,5.0,1.0,4.0,2.0,0,1,0,0,1,2
25001,0.3169014084507041,0.5833333333333333,0.7635352583562077,0.1581027667984189,0.2655889145496536,0.4912280701754385,0.1668500183351668,0.1964285714285714,0.222865224677336,0.155467184943571,0.3637411261078851,0.7125673344408051,0.8495027793461352,0.5789178269501716,0.236418598861221,0.3865671641791044,0.2653222394584685,0.6631114349367366,0.7133706170221124,0.2866293829778865,0.3079003362429746,0.5531899120608386,0.3837118846761738,0.434452117194037,0.4715211865297481,0.405068551841665,0.5648326743136086,0.8247114152095673,0.4693149429503565,0.3279680395498527,0.5559314192062247,0.7607881515351423,0.57986687129905,0.5289398046077819,0.6326686936904204,0.2884692551790757,0.404761935813231,25,1,Female,LVLA,1,3.0,3.0,3.0,3.0,0,0,0,1,0,1
25002,0.4925034075420264,0.4739583333333333,0.816103165124424,0.142292490118577,0.23094688221709,0.5614035087719298,0.1187799939414231,0.125,0.5228974742220511,0.4793810028524752,0.3192585469435975,0.72113298344105,0.9368816632464624,0.6974309117612425,0.2051612277847669,0.2521637426900587,0.2612655200700749,0.3545850953981335,0.70343288382402,0.2965671161759795,0.2545551665591199,0.3284671250989062,0.3641797850287756,0.1192152184071084,0.8559533603409897,0.7106360391713844,0.2325089637360753,0.883276115703793,0.3343902159636471,0.3159803892840153,0.4770280713804322,0.8834939696565589,0.726395359327481,0.5102433147000017,0.6326839836471789,0.2583504246421491,0.4907539622759445,25,2,Female,LVHA,2,1.0,4.0,4.0,4.0,1,0,1,1,0,0
25003,0.3915265788278055,0.5312499999999999,0.8269984841806616,0.1185770750988142,0.23094688221709,0.4912280701754385,0.1051481959790182,0.1875,0.4948564217167964,0.212130674310982,0.5353410268456742,0.6231530611549434,0.8779802804562509,0.487461782942964,0.217705481516633,0.4574561403508772,0.4379836321370569,0.3329091038197043,0.6919910012501072,0.3080089987498917,0.4149384231469775,0.4072127679028765,0.4084581318918789,0.3852765956995139,0.5831277656595062,0.4553511068029603,0.5112005298659991,0.6918843966291823,0.2368512580163055,0.2533239289091005,0.4078892766772398,0.6325619340157984,0.430374008211038,0.365617571863125,0.5524118508404268,0.1548866836908929,0.486161261222898,25,3,Female,LVLA,3,4.0,3.0,4.0,3.0,0,1,0,1,0,1
25004,0.4437755565651975,0.5,0.7897121392348988,0.1660079051383398,0.2655889145496536,0.6666666666666665,0.1604327099376604,0.1696428571428571,0.4563319861450531,0.3188273560920578,0.4107070500218905,0.6489492743746185,0.8956330786239733,0.6035558923265523,0.1341220891000885,0.1091866028708135,0.1720960842382362,0.5758352888844507,0.6383561830830851,0.3616438169169138,0.3465689014489174,0.6340196991432636,0.377426080290339,0.3662672638111306,0.4259366980657185,0.4741487838615986,0.5114851243024182,0.7949816471794776,0.2406154818721291,0.5151134210802186,0.707794250378725,0.8672861199861114,0.8077496075919719,0.5651549254482976,0.4668454637511541,0.1604766288320495,0.5955611734143877,25,4,Female,LVHA,4,3.0,2.0,3.0,3.0,0,0,1,1,0,0
25005,0.4082235347569286,0.5208333333333334,0.7991156868038952,0.142292490118577,0.2424942263279444,0.7192982456140351,0.1372081652609705,0.1071428571428571,0.7625231267737886,0.294195544588588,0.3957531555833086,0.7881517104306803,0.961965847126467,0.716149179951896,0.2179206944688436,0.4382271468144045,0.2231719355693063,0.3021669546085643,0.5724426410789816,0.4275573589210182,0.1279923654861381,0.5224859535884694,0.3270988031979252,0.3182788219594477,0.5928936449896034,0.4850627735558081,0.5163889470170362,0.8301479081387645,0.2522628228122661,0.3430486694405668,0.5162844109907067,0.7961987660462061,0.6436875926588365,0.5309924349168473,0.8301426491192228,0.1633568087933813,0.5527771098996626,25,5,Female,HVHA,5,2.0,4.0,3.0,1.0,1,0,1,1,1,1
25006,0.4082235347569286,0.5208333333333334,0.8230220366969899,0.1264822134387351,0.2193995381062355,0.631578947368421,0.24558937375219,0.1696428571428571,0.7556658422905911,0.5081540109545559,0.4482707325399941,0.6488682005227026,0.933838310211948,0.5146689273570579,0.2156250618680253,0.3669172932330831,0.3283729427885252,0.4735303596140352,0.6841789814517334,0.3158210185482661,0.3514212010071648,0.5580600284406796,0.4911547310327184,0.4298668796347012,0.587680032364645,0.5038182252417556,0.4773762096701132,0.8973974708257101,0.3158783816305444,0.260296117897621,0.5049740160907215,0.8256526994702612,0.6256092572774047,0.4707990450445368,0.5691533244597142,0.1772077267768672,0.4952507553123906,25,6,Female,HVLA,6,5.0,1.0,5.0,4.0,0,1,0,0,1,2
25007,0.3599500227169468,0.5520833333333333,0.8310090985341344,0.1343873517786561,0.23094688221709,0.7017543859649122,0.0297946461312798,0.0446428571428571,0.8959306286077767,0.8878560289150241,0.3885180728008452,0.6957029209428487,0.9666823479523312,0.6969394653632217,0.1694114344062718,0.4947368421052633,0.3828505293256629,0.4105772003324457,0.6919738829014477,0.3080261170985514,0.2293473491637149,0.4172115481920741,0.3291515304040737,0.3033527742790206,0.5580635427650185,0.4326176618783535,0.5050521613759634,0.7410964875708749,0.100851417029701,0.3180947202487863,0.4954612929126281,0.6801773646195798,0.4636575968269378,0.4361489044336784,0.5602961135138065,0.0728778118337818,0.5725736069308089,25,7,Female,HVHA,7,1.0,4.0,3.0,3.0,1,0,1,1,1,1
25008,0.4256019990913221,0.5104166666666666,0.803208820120651,0.1501976284584979,0.2424942263279444,0.6140350877192982,0.2649431609827649,0.2232142857142857,0.3550695402076695,0.3051568183587321,0.3202857451436464,0.7987597538215783,0.9111656423004624,0.5262804404129651,0.1866884077922812,0.4268602540834845,0.152311615663047,0.2821527553980019,0.5559041774921474,0.444095822507853,0.3796767635222084,0.5890765507872706,0.4037740965763343,0.4400275128410044,0.4129812205239352,0.4014923114379075,0.5500983835649034,0.8461343667177291,0.3046564976569845,0.3973089801095437,0.534337706991054,0.8427465465212196,0.6599601146202286,0.5744092646568005,0.6359171024302501,0.1092931049372658,0.4114020235735851,25,8,Female,HVLA,8,4.0,3.0,3.0,3.0,0,1,0,0,1,2
26001,0.5586097228532485,0.4427083333333333,0.7689571122734201,0.1501976284584979,0.184757505773672,0.2807017543859649,0.2431701503483682,0.2589285714285715,0.8443585300224308,0.3058173680625861,0.553265533856214,0.6093494778581087,0.9211549448149514,0.6632519839078568,0.3185972837988675,0.5979757085020245,0.3817776315308397,0.5308645592242112,0.6078614711952472,0.3921385288047525,0.287618329932948,0.4457921496303773,0.4064205725372187,0.3107449073326755,0.7176102494796874,0.6094264807682135,0.4384381941667304,0.9377117018885552,0.6301325261317186,0.4807211610265751,0.6678155588974805,0.8761831982060069,0.6747818236329902,0.516225726841173,0.7683226614941221,0.2378953958625306,0.5789529470706398,26,1,Female,LVHA,1,2.0,5.0,4.0,2.0,1,0,1,1,0,0
26002,0.4530895047705588,0.4947916666666666,0.7694950448929834,0.1660079051383398,0.1963048498845264,0.3508771929824561,0.3597767184125819,0.25,0.6610181262349558,0.4664724246028566,0.4186372680155,0.6765496324867875,0.9310356634887136,0.6760282532236657,0.3031611148877566,0.5430526315789477,0.3973346495557749,0.2440046718708624,0.621708330586723,0.3782916694132772,0.2333240769709079,0.4698876380885193,0.3248608150186927,0.4394816714369316,0.564817066355803,0.3966498744568793,0.6344823016286549,0.7845449662996841,0.6096221242816042,0.4583687704746564,0.7525143948008165,0.8493295238080618,0.6969507098946486,0.6512790231244543,0.7439003660180328,0.2552762948190869,0.6935095300997709,26,2,Female,HVLA,2,5.0,1.0,5.0,5.0,0,1,0,0,1,2
26003,0.4723989095865516,0.4843749999999999,0.8113352747037322,0.1501976284584979,0.1963048498845264,0.5087719298245614,0.3201014545899033,0.125,0.6617757780915381,0.2319642211132857,0.5293802343284029,0.6413384934929387,0.9075002506168364,0.5498405730703297,0.238614823851222,0.4816431322207961,0.3396821709927801,0.5868807312571409,0.6168956296332517,0.3831043703667478,0.3129285292759354,0.3967514761257575,0.2609689436365817,0.3428987626623359,0.4838518638850003,0.378139878478569,0.6197047022798792,0.9423358027285694,0.5310992776743537,0.5825930891465589,0.3473915396029587,0.8615361752113334,0.7331550865324954,0.6584201532257001,0.6837265033046274,0.3302085753071528,0.6962712104589768,26,3,Female,LVLA,3,2.0,2.0,5.0,5.0,0,0,0,1,0,1
26004,0.3834620626987731,0.5364583333333333,0.7406110456327238,0.1897233201581026,0.2424942263279444,0.4035087719298245,0.3624862486248624,0.2678571428571429,0.6367307053426008,0.1292542663686562,0.6167642477135236,0.5822958380455965,0.8828857659440656,0.3441958320331855,0.297988817216624,0.3811740890688257,0.2573214873313589,0.5365611190919668,0.6012648203132158,0.3987351796867844,0.6193478753611683,0.1963610524672603,0.3765643611015793,0.4260103517782723,0.6983189578354129,0.4551701092022595,0.6658014265634171,0.7656171094227028,0.5775572577316799,0.4281244352393249,0.5262929427673081,0.8416205329312465,0.6168835996511991,0.5744623259039905,0.5603780515929646,0.1680786490274019,0.5770101477015275,26,4,Female,HVHA,4,5.0,1.0,5.0,5.0,0,1,1,1,1,1
26005,0.5705361199454795,0.4375,0.8030376781126222,0.1581027667984189,0.1732101616628175,0.3157894736842106,0.2823615694902823,0.3482142857142857,0.677843252888568,0.4157526981714387,0.5704317737759164,0.5357011370565606,0.8874294198917487,0.3592932446650611,0.2520560773735039,0.5237553342816503,0.3752273081519197,0.6312959209163873,0.6105893249518188,0.3894106750481809,0.629742404174154,0.3915439597045549,0.2896315320183316,0.6814928552459998,0.3911761816860066,0.2193966038717678,0.9614427854831956,0.8617956709494409,0.5512508669960068,0.5749002410129278,0.7352188775185751,0.8431729055669058,0.7594607392850101,0.6189662943078864,0.5553049487538155,0.2845381785986762,0.7214745778598166,26,5,Female,HVLA,5,5.0,1.0,5.0,5.0,0,1,0,0,1,2
26006,0.4530895047705588,0.4947916666666666,0.7884637231435662,0.1581027667984189,0.1963048498845264,0.2982456140350877,0.343995938055344,0.3571428571428572,0.5413739843065845,0.5942149247657554,0.3695337499259598,0.6598619167645903,0.9207285310266856,0.7253349685537476,0.3005581877352048,0.7532163742690061,0.6157551826258637,0.5286239123428937,0.821338790243795,0.1786612097562037,0.1517990563555558,0.5740387236870572,0.2518230887877726,0.4397462794674071,0.3182966362834396,0.2619272224118381,0.6660378658666601,0.8384395216006874,0.6309914087315598,0.4187589230003215,0.5421391660913644,0.8007054195841462,0.6423068707032924,0.6232146895584169,0.8809380287037643,0.498185109341052,0.651881314248898,26,6,Female,LVHA,6,1.0,4.0,3.0,5.0,1,0,1,1,0,0
26007,0.4723989095865516,0.4843749999999999,0.7879489438612471,0.1739130434782608,0.2655889145496536,0.5789473684210527,0.1096290184574013,0.1428571428571428,0.6438876815151059,0.2907627669724548,0.4072179649567704,0.725079891909624,0.937082565739391,0.6350049695289266,0.1549330064063045,0.3836660617059895,0.2497532082922013,0.3288062243911422,0.6086481815000513,0.3913518184999474,0.2862968044965931,0.8249443228898936,0.2530395633064887,0.6355843426900588,0.0,0.1330043426516373,0.7255602205725467,0.9025258567080496,0.3481481198191127,0.6570912176421795,0.469642554331026,0.8359053681430221,0.6548527371757289,0.5289705847180024,0.8281831937616699,0.1287051047388421,0.6217862537127528,26,7,Female,LVLA,7,2.0,3.0,4.0,5.0,0,0,0,1,0,1
26008,0.4925034075420264,0.4739583333333333,0.7506995511902471,0.1818181818181817,0.277136258660508,0.6491228070175439,0.1534653465346535,0.125,0.6839407804994495,0.1440523755290617,0.6442312043398917,0.5821170358479101,0.8856706675397308,0.4614238718772455,0.2543986698109377,0.6854570637119117,0.5373478117801908,0.4921985289713921,0.7958412942067608,0.204158705793239,0.444796437334308,0.4592195113740803,0.3308250290932231,0.5441977885337549,0.4136304983743443,0.285654948683005,0.7318283860773676,0.7880834635857968,0.3366542382960433,0.4360873524271577,0.4882242678712251,0.7753325725242903,0.5686739188136168,0.567665666669077,0.8667530039152815,0.1125926707943615,0.7024593208059708,26,8,Female,HVHA,8,5.0,4.0,5.0,5.0,1,1,1,1,1,1
27001,0.4925034075420264,0.4739583333333333,0.7543502094424014,0.1818181818181817,0.3002309468822169,0.5964912280701755,0.1099193252658599,0.1160714285714285,0.3923713968161114,0.3118924645758637,0.3532756237968501,0.7049599891146804,0.9013452244143793,0.6891966214061693,0.2137605993202029,0.7111383108935128,0.2616295846305718,0.5082426435955281,0.6309038229343054,0.3690961770656942,0.2469056655237527,0.5582019071895288,0.3207012378694217,0.4160794200337664,0.4144539864296594,0.3598780224558981,0.5982343997311659,0.9452776523955658,0.3693890991501105,0.4032483754143555,0.3983963634580902,0.8125266624601353,0.6689881715059254,0.5384949948853556,0.6426889295969564,0.1783757664510798,0.4845510067251708,27,1,Male,LVHA,1,3.0,1.0,3.0,1.0,0,0,1,1,0,0
27002,0.595184007269423,0.4270833333333333,0.8227329950380765,0.1343873517786561,0.2193995381062355,0.2280701754385965,0.1604327099376604,0.3482142857142857,0.1967574028003014,0.1612490541189792,0.3930401286605295,0.6080882189798721,0.8181157364485695,0.5826750579495297,0.251932209168334,0.4444078947368424,0.4425696711975093,0.4415887850467288,0.6504655854710872,0.3495344145289119,0.1096488646269802,0.3444659592727186,0.2450031479919953,0.2057623392867233,0.6882054426044949,0.5072728609299174,0.4879986075489718,0.768227142499067,0.3191885780121906,0.2537304197297207,0.137323060829339,0.6916662046557611,0.4606736444218383,0.3611639818792793,0.7580432037286133,0.1923958865999539,0.655041044977295,27,2,Male,HVLA,2,5.0,4.0,3.0,4.0,1,1,0,0,1,2
27003,0.595184007269423,0.4270833333333333,0.7993866465070908,0.1343873517786561,0.1963048498845264,0.087719298245614,0.2213971397139714,0.3660714285714286,0.5633383159537579,0.2980423840068643,0.4366347014603404,0.6523674858638416,0.910104974183056,0.68656078893316,0.2977200644747992,0.9664131426832978,0.5746846550400351,0.5644742624439694,0.4728612002164345,0.527138799783565,0.2025835122501216,0.513403176195228,0.2392346846970387,0.4383535947127112,0.3152286860968024,0.2344296127887851,0.6939123772523339,0.7557634414940088,0.5349459050588814,0.3446058187347374,0.45562414388333,0.7665583659393158,0.5217810420799782,0.4861956494888002,0.7718626371802602,0.3380805480981146,0.5396117900994901,27,3,Male,LVHA,3,3.0,1.0,5.0,3.0,0,0,1,1,0,0
27004,0.6080190822353475,0.421875,0.808295891969602,0.1225296442687746,0.184757505773672,0.5614035087719298,0.2027345591702027,0.0892857142857143,0.2993952559392223,0.2248293663728863,0.2663668659539705,0.8757823407965443,0.9180814023008614,0.6668825622722314,0.3038736720020063,0.7425101214574901,0.4673412306679829,0.5254436393500566,0.522524320629669,0.477475679370331,0.047192149103979,0.5485377258844848,0.2496874654831833,0.4132396855458125,0.4636664862041612,0.3298023151989125,0.653472766609785,0.6312770342550438,0.325889977535873,0.2464209273736159,0.4006318497914689,0.6890390370728718,0.4589305429085582,0.5298546839267576,0.9644597150126772,0.2408662857157824,0.3269025505332865,27,4,Male,HVHA,4,5.0,4.0,3.0,4.0,1,1,1,1,1,1
27005,0.5469104952294411,0.4479166666666666,0.7485205907663866,0.1343873517786561,0.2078521939953811,0.631578947368421,0.1461812847951462,0.0714285714285714,0.6598476338295931,0.2619845439601082,0.487685529612207,0.6928471168841321,0.920803880018744,0.4784621660782267,0.3413328957370223,0.7425101214574901,0.5773515724157382,0.7258008378988077,0.6587598318188235,0.3412401681811752,0.2220529554004567,0.4158855875707002,0.3747513660734596,0.3646845537958685,0.6887132282221937,0.4927897304234724,0.5231505120827266,0.613798057583251,0.446994323670715,0.236664478156145,0.4388514184783662,0.518319876744168,0.3598702663067397,0.4524877565810244,0.6935825087466121,0.3162796521248942,0.2280716989963052,27,5,Male,HVLA,5,4.0,4.0,3.0,4.0,1,1,0,0,1,2
27006,0.5135165833711949,0.4635416666666666,0.7719045654891495,0.1501976284584979,0.23094688221709,0.5789473684210527,0.1643034673837753,0.1785714285714285,0.6801183847500969,0.2525183632892464,0.6185664564297935,0.4988496612536797,0.874691970917798,0.5377613459647987,0.2936099777606378,0.6428312159709622,0.3973346495557749,0.4177702972051205,0.5263901194403822,0.4736098805596178,0.273221801513627,0.1795289661636499,0.3556599411592349,0.1869863330155297,0.8134712213446307,0.5603779133040588,0.2330970004014576,0.7305199438075528,0.4094544298302629,0.2281676221193834,0.510785044909427,0.665369587870368,0.4446949908435837,0.4865329078580983,0.608819748355943,0.3915299233422143,0.4169551462240013,27,6,Male,LVLA,6,2.0,3.0,1.0,3.0,0,0,0,1,0,1
27007,0.6211949114039073,0.4166666666666666,0.7942718653432909,0.142292490118577,0.2078521939953811,0.4736842105263157,0.2671204620462046,0.2410714285714285,0.5474015696452054,0.2052639570954362,0.4527139471046872,0.7013811090464661,0.911142252022808,0.4391149577421029,0.2829142802974087,0.7678670360110806,0.5796159362252975,0.7558786740005576,0.5104956303735544,0.4895043696264451,0.4027703191275111,0.549261969762213,0.4210813302436015,0.543603487265572,0.4660801403087531,0.3643993951809998,0.6248818745328782,0.7332633220226202,0.4670315276992098,0.2291248493696251,0.4641606038527103,0.7213352913930966,0.5025565118654299,0.5230055872997063,0.5675557608731845,0.2247146838959594,0.4545860568221676,27,7,Male,LVLA,7,1.0,4.0,1.0,4.0,1,0,0,1,0,1
27008,0.4925034075420264,0.4739583333333333,0.781711442361167,0.142292490118577,0.2193995381062355,0.4736842105263157,0.2231389805647231,0.1071428571428571,0.399042159066095,0.382090262067293,0.4670571491589457,0.605417257938715,0.8671601867740486,0.5960205478672804,0.2938428474396375,0.7517357222844345,0.4864339346076759,0.4732128785187863,0.5445637251087194,0.4554362748912797,0.3624777433474642,0.2472699438831918,0.228454311871387,0.3556365703419047,0.5383215438906676,0.3295493067423868,0.7525655689940858,0.658222969722506,0.4010012240236629,0.2616106166460754,0.3320350934212567,0.5482686368492232,0.3843694704727371,0.5790305238169031,0.6890980780141032,0.2211088528810831,0.4843647508885538,27,8,Male,HVHA,8,3.0,2.0,3.0,2.0,0,0,1,1,1,1
28001,0.5826896865061335,0.4322916666666667,0.8357999510926412,0.1106719367588932,0.1732101616628175,0.5438596491228069,0.1034270093676034,0.125,0.6485875613365285,0.1499839795676857,0.6462594839199078,0.5327434106019093,0.8727135340433474,0.5719720836744253,0.2749375959011904,0.6610822831727208,0.2653222394584685,0.3339442716370828,0.5219951748775289,0.4780048251224704,0.5159575948609232,0.4999718453333747,0.3804486172815058,0.5162565141466127,0.2543642072490285,0.2336294771051833,0.6472400887087457,0.7664263255696039,0.3504686563354744,0.3393243827102708,0.3896235771693606,0.6255127967594593,0.4061368837581613,0.5044401094685697,0.8055679118270742,0.3250616588728508,0.4528124167959786,28,1,Female,LVHA,1,3.0,2.0,5.0,1.0,0,0,1,1,0,0
28002,0.4822807814629712,0.4791666666666666,0.880690421773613,0.0869565217391303,0.1385681293302539,0.2280701754385965,0.1778511184451778,0.3035714285714286,0.3350253317042151,0.3790693393686231,0.3768783326267917,0.5626496360530427,0.8619653082931304,0.6085920645812233,0.2519767574475076,0.8015037593984964,0.5882616889527057,0.4951995863831011,0.5460656387244021,0.4539343612755977,0.323482648589505,0.4433526629653239,0.2824872888609768,0.4713299573601567,0.3958670113450916,0.2677793232114318,0.7135716561424279,0.8988321316131614,0.3821655486457891,0.3746153391442126,0.3906583172908231,0.788925644572299,0.5568729804180096,0.5534664915737167,0.7545342083451612,0.3459691451040103,0.6475704991159017,28,2,Female,HVLA,2,4.0,1.0,5.0,5.0,0,1,0,0,1,2
28003,0.6080190822353475,0.421875,0.8701813908300856,0.0948616600790513,0.161662817551963,0.3333333333333332,0.1145114511451145,0.1875,0.5172436234804662,0.3696616982622959,0.368581491404796,0.7016936235458847,0.9223570872732892,0.694746976666476,0.260369545218627,0.6702429149797573,0.2706560742098747,0.3248469223332257,0.5600342404046481,0.4399657595953519,0.2425958005267038,0.540616757787501,0.2710690439052644,0.427921875646121,0.3960722333274293,0.3331130974084702,0.6507296424168496,0.979353333977789,0.3786885034282388,0.4266481072261242,0.6106330931177354,0.8197304639860842,0.5929584718452908,0.5736910140570847,0.8563388123363822,0.3744160769426753,0.5452588678126664,28,3,Female,LVHA,3,2.0,3.0,4.0,3.0,0,0,1,1,0,0
28004,0.662653339391186,0.4010416666666666,0.8766893676476132,0.0830039525691699,0.115473441108545,0.4210526315789473,0.203978731206454,0.2053571428571428,0.7613179374245402,0.6329816265027371,0.3571928242147932,0.758935985122808,0.9664574690519024,0.7352353845757886,0.2858385960105742,0.7776671408250357,0.2773233676491327,0.512192501879901,0.551314731641954,0.4486852683580449,0.2931418122396761,0.2325389031537088,0.3775664193861796,0.1040266331388308,0.8752400043549123,0.6978751253126011,0.1039018974336319,0.8488882945088391,0.4037884837309653,0.438086238903514,0.6960071876277676,0.681653399919687,0.4916980905716186,0.6886652539259025,0.9352798148895608,0.3578180670558853,0.6031656017152187,28,4,Female,HVHA,4,4.0,1.0,4.0,1.0,0,1,1,1,1,1
28005,0.4723989095865516,0.4843749999999999,0.8354998195053162,0.1185770750988142,0.1801385681293301,0.3333333333333332,0.143014301430143,0.1696428571428571,0.8827172432084309,0.6449891930055401,0.5214676417705604,0.5869983092102038,0.9266049823012156,0.6199420385621308,0.2766388776794184,0.8337950138504153,0.4393385982230997,0.5550442018283537,0.7825979502004685,0.2174020497995306,0.2730504311348377,0.6038035671926798,0.2880582009569668,0.5795598683572398,0.3433117855698164,0.2480089759489859,0.7366289707923463,0.6627505771272889,0.323188849145652,0.3848118205623521,0.4941695542004753,0.603170110239681,0.4117877388344118,0.5096578003119169,0.8170068909277663,0.1776456257296452,0.6002000785275639,28,5,Female,HVLA,5,5.0,1.0,5.0,5.0,0,1,0,0,1,2
28006,0.4530895047705588,0.4947916666666666,0.8252096325537052,0.1106719367588932,0.184757505773672,0.368421052631579,0.1244346656887911,0.1785714285714285,0.9329210689164974,0.5742783767603814,0.5671114938681878,0.5370384438149467,0.9167566493878438,0.6248018465526561,0.284027732271902,0.4947368421052633,0.3773327692380012,0.2429277724939669,0.5870215238809036,0.4129784761190949,0.2697321396863746,0.4130271621830975,0.2980895634535835,0.3708923403613139,0.5065040610629594,0.3715870718006336,0.6070987248902215,0.6688410606154237,0.3667201917107674,0.3430649885656323,0.4918297712996561,0.6467896258774174,0.4361280753716756,0.5124375242805524,0.8334351936575519,0.1993748234881412,0.4295606566513912,28,6,Female,LVLA,6,3.0,2.0,3.0,2.0,0,0,0,1,0,1
28007,0.502839618355293,0.4687499999999999,0.8579384020094191,0.0869565217391303,0.1501154734411085,0.368421052631579,0.3102310231023102,0.2589285714285715,0.7232558056345898,0.4221713110877531,0.4026698692712201,0.7087885901006379,0.9463468689217376,0.654560709860891,0.2889511100225497,0.5289306067717066,0.4040019429950328,0.4570871619125474,0.6180811659273384,0.38191883407266,0.1613476746850916,0.4377339898197436,0.2623273232782913,0.3358242580906242,0.4315802580095452,0.3194890150798024,0.6006844930096731,0.861436833883705,0.4193276231679792,0.374279534164411,0.5353172371836086,0.74241717445009,0.5137979568695338,0.5280810977998331,0.8240300703747758,0.4381551133643703,0.4823559332541731,28,7,Female,LVLA,7,2.0,2.0,3.0,2.0,0,0,0,1,0,1
28008,0.4530895047705588,0.4947916666666666,0.7860500053330494,0.1106719367588932,0.161662817551963,0.1578947368421053,0.2591370248135924,0.2857142857142857,0.6291250927691666,0.6776546060143303,0.329418075183665,0.7566073109588031,0.9553490184114966,0.66363109204046,0.3423927316465773,0.5564428312159713,0.2951628825271471,0.5735037349507697,0.623839692257111,0.3761603077428885,0.2112160380984861,0.2853977007518555,0.344665042634929,0.2230455586318217,0.8362136487998852,0.607108729258793,0.3758858293311716,0.7709749039833599,0.4893077474333924,0.4351245431016073,0.5837139733701181,0.6364414251176438,0.4296392014633379,0.5833072512961185,0.900674539987639,0.5803645012884775,0.2649272348629364,28,8,Female,HVHA,8,3.0,3.0,4.0,2.0,0,0,1,1,1,1
29001,0.3599500227169468,0.5520833333333333,0.7130616989812854,0.2213438735177865,0.3233256351039261,0.6842105263157894,0.4100965652120768,0.0535714285714285,0.3731137346294091,0.3670778692795781,0.2774672418420569,0.6611244983126935,0.909505721966596,0.5722131449667822,0.20562309371921,0.7631578947368425,0.0623664513226785,0.745793562646698,0.5340369612729265,0.465963038727073,0.1115408108532616,0.5415897198976856,0.2213436681123794,0.237980418738238,0.376749691930091,0.3906636404307934,0.5333538251552026,0.937986483033022,0.4760817044325269,0.5751370896471815,0.7648263079713026,0.8962651231557724,0.8782552204573418,0.6812378724908886,0.7451867056388792,0.1417667696695637,0.5876929730568325,29,1,Male,LVLA,1,3.0,3.0,4.0,4.0,0,0,0,1,0,1
29002,0.434575193094048,0.5052083333333334,0.7443956918789085,0.1976284584980236,0.3002309468822169,0.631578947368421,0.2027345591702027,0.1071428571428571,0.4665257683478825,0.2597683848775751,0.4106060537573931,0.6759674735304537,0.901286302608487,0.6050803187447709,0.1876022304452549,0.7607396870554766,0.1398910932076553,0.4930074759272309,0.3747032530380896,0.62529674696191,0.1302952211163752,0.4875457795910031,0.242860099828528,0.1880986119650399,0.5219883397842712,0.4941772377329619,0.473861234524354,0.8469492295198927,0.3761849028608679,0.6071487617055651,0.7116613709237875,0.8521832617791666,0.7437664424006274,0.6580752765026565,0.720057315702106,0.1302325950986594,0.6260213265543604,29,2,Male,LVLA,2,3.0,2.0,5.0,3.0,0,0,0,1,0,1
29003,0.3834620626987731,0.5364583333333333,0.7110232665864151,0.1976284584980236,0.2956120092378752,0.263157894736842,0.3252376519703251,0.2946428571428572,0.1515718285180378,0.0687631723417292,0.4168437229213818,0.6885193324026905,0.8013782827657885,0.4374686454015947,0.2930106854638874,0.6775743707093822,0.1026800842775264,0.7529015126217078,0.6553705502040867,0.3446294497959126,0.5056675666730706,0.4020879875834142,0.2366973053001057,0.6011848526227546,0.232915308152774,0.1114481994953937,0.9195000206657702,0.6682542866006196,0.6051556007114611,0.4327555373988406,0.1413451299262632,0.7477274085402821,0.5586155373976049,0.4867112348972354,0.6543316360353213,0.2203677188130925,0.386152985999235,29,3,Male,LVHA,3,4.0,3.0,5.0,4.0,0,1,1,1,0,0
29004,0.5355520218082689,0.4531249999999999,0.7757901828882124,0.1660079051383398,0.23094688221709,0.5789473684210527,0.3707934896053708,0.1875,0.6244001155342365,0.2734266064324269,0.4610922556121045,0.6281684785755989,0.9115797016666924,0.5119728492383862,0.2578482039212231,0.6253200568990045,0.3506635954809696,0.555386660285837,0.5839909551847267,0.4160090448152722,0.359018418154946,0.6988129993498717,0.4213931498481262,0.421504587097638,0.3867297954277174,0.4898376296031992,0.5179182613820003,0.893219755446789,0.6006205878613937,0.4290546850618754,0.7772776913855727,0.8317422344682706,0.6871491565554627,0.4641120653194572,0.4154681912733178,0.1025012605650688,0.5660848015399178,29,4,Male,LVHA,4,4.0,3.0,5.0,4.0,0,1,1,1,0,0
29005,0.4822807814629712,0.4791666666666666,0.7217281072883125,0.2292490118577074,0.3348729792147805,0.631578947368421,0.2475247524752475,0.1517857142857143,0.8789367573238667,1.0,0.6192785300885195,0.3734921392976385,0.8716615822337868,0.6568851975353789,0.1444681211311922,0.9352226720647772,0.1541538941133683,0.2594015716800117,0.0,1.0,0.3971132025425736,0.0288507496727972,0.1742949409320374,0.110842373868948,0.8973623526698218,0.6442900113926928,0.3490788067916591,0.6456971563416336,0.3833653693436287,0.7033156574542776,0.6730199857775215,0.7418576081404407,0.5628946127875909,0.6800556233961869,0.7046098958096181,0.0832567435203698,0.7298319553514556,29,5,Male,HVHA,5,5.0,4.0,4.0,4.0,1,1,1,1,1,1
29006,0.367673784643344,0.546875,0.7618510885362285,0.1897233201581026,0.2840646651270208,0.6842105263157894,0.1968530186351968,0.1428571428571428,0.9025131862070378,0.2310130522867731,0.8897087450522765,0.3336259302649046,0.8336711315177248,0.2717385578358388,0.1186248633473965,0.6736842105263161,0.0536659786412994,0.3415141185495183,0.5836497858313663,0.4163502141686332,0.6714208418785474,0.3253032541791884,0.3283957612132587,0.6751324225357236,0.4353102429699297,0.2279229931902452,0.9853344125732232,0.4146145764144822,0.3773124623867463,0.8201212496575083,0.7797322286442265,0.8503709562788792,0.8869286426342992,0.8602397430073644,0.4030615717104693,0.5197332692276022,0.7441674679854808,29,6,Male,HVLA,6,4.0,1.0,5.0,4.0,0,1,0,0,1,2
29007,0.4822807814629712,0.4791666666666666,0.7602671814318936,0.1976284584980236,0.3002309468822169,0.807017543859649,0.1499816648331499,0.0714285714285714,0.1730901521914522,0.5569705347454986,0.3896834661192291,0.3110198933677187,0.747330963697554,0.6446286745931435,0.0775439470202135,1.0,0.0323823086757399,0.1346831413823705,0.3860173087390504,0.6139826912609494,0.3132059730176043,0.0181817993345373,0.1555861296985354,0.1715378241124809,0.7982204341219237,0.4739175357771786,0.7922871875934563,0.6823218391309135,0.2730044328253831,0.9166633429510735,0.6386883996050772,0.8910919218428619,0.8156844203731227,0.8618873298975497,0.8093103005830731,0.9999999999999998,0.5265630454797903,29,7,Male,HVHA,7,5.0,4.0,5.0,4.0,1,1,1,1,1,1
29008,0.4168559745570196,0.515625,0.7280600578929208,0.2055335968379446,0.2886836027713625,0.3859649122807016,0.3636474758586969,0.25,0.8820127147707374,0.2794123052351611,0.6179137204581735,0.5372525588777274,0.904719372475156,0.5643333939204402,0.265803857281141,0.8126724578436386,0.2125172754195459,0.5802288108282307,0.5793102370742529,0.4206897629257473,0.3667880258595622,0.3192590348151684,0.379683300267345,0.3298907801309991,0.7254584677930347,0.5222136101062462,0.4805931883362594,0.7711022969451287,0.510377748898623,0.4984738571130413,0.6257191777026284,0.8742879106363016,0.7224675378320731,0.5885804391209198,0.6855587386210411,0.279640668733187,0.6867922125595332,29,8,Male,HVLA,8,4.0,3.0,5.0,4.0,0,1,0,0,1,2
31001,0.4530895047705588,0.4947916666666666,0.7612062105138971,0.1818181818181817,0.2632794457274828,0.4736842105263157,0.2184940716293851,0.2232142857142857,0.971660854907886,0.2604504361748591,0.4843348123538385,0.6091291016580704,0.944500960731923,0.5671734653739449,0.2700746704751855,0.4324942791762014,0.1392380975035383,0.2866797766480102,0.6513009312588134,0.3486990687411855,0.3433265359723486,0.609292752010971,0.3500044154349519,0.5887464422327552,0.3801986787296147,0.3012707744349973,0.6971051068531182,0.9502927794346028,0.4987661877755929,0.5108309936242579,0.7061284838562056,0.8628192181508949,0.6808860872738025,0.4720123185429484,0.7390806335225673,0.1908304170748303,0.5866261123347818,31,1,Female,LVLA,1,5.0,5.0,3.0,3.0,1,1,0,1,0,1
31002,0.3998182644252612,0.5260416666666666,0.7817289338053702,0.1660079051383398,0.2540415704387991,0.5263157894736841,0.1887376237623762,0.2232142857142857,0.8289357174400064,0.3438613478464287,0.4915756426624133,0.6552798573427656,0.935609446619448,0.6016748377110153,0.2165965439829,0.441496302740322,0.1255443934730852,0.2110829169391346,0.6126528533832682,0.3873471466167308,0.339469541364337,0.4314558839555926,0.2216719289527913,0.3118502455625334,0.4200925961100191,0.4012534376328369,0.6174233764819064,0.9116785916412375,0.3795882008733058,0.5768824010889579,0.5311115683726992,0.8624657858893151,0.7360182278995951,0.6072993861905399,0.811399727064205,0.2192673303865502,0.5647690092187465,31,2,Female,LVLA,2,5.0,4.0,3.0,3.0,1,1,0,1,0,1
31003,0.4168559745570196,0.515625,0.7773463669147037,0.1818181818181817,0.2655889145496536,0.5789473684210527,0.2730717516196064,0.2053571428571428,0.494258751719196,0.2702805872944996,0.3563163140886076,0.7223343937382566,0.9235215778218068,0.613890581602937,0.2145935584558973,0.6045454545454545,0.1261699176527921,0.2362244296765525,0.5797373532381731,0.4202626467618255,0.1466479961547404,0.2975710397092487,0.1424391734908047,0.1529924181189838,0.6266645727884017,0.4865698945902155,0.5514318854575745,0.955660336479523,0.4111714321055346,0.6031741911918114,0.5877375232859384,0.8739324483932986,0.6937949126007017,0.6292289856826809,0.8549627223714547,0.2007898508524455,0.5876929730568325,31,3,Female,LVHA,3,5.0,4.0,3.0,3.0,1,1,1,1,0,0
31004,0.4168559745570196,0.515625,0.7602905831065744,0.1818181818181817,0.2494226327944572,0.5789473684210527,0.1448478181151448,0.1785714285714285,0.9985506713375664,0.1952753334824938,0.7355573599368179,0.3961410307469912,0.8740960121684052,0.4644343611935633,0.2659371349912638,0.4947368421052633,0.0893056926620598,0.3765032525814309,0.6304241709777592,0.3695758290222397,0.4177507637381298,0.3048031882141357,0.229890917083224,0.4430065755841905,0.5005651425219247,0.3040283911181767,0.8276821816178701,0.8429311453570817,0.4563114017400214,0.5201121957531434,0.599870331202002,0.8165187510399454,0.6017100472756135,0.5140187549676428,0.7691569750806844,0.2364639487787204,0.6613965259535599,31,4,Female,LVHA,4,5.0,4.0,3.0,3.0,1,1,1,1,0,0
31005,0.4723989095865516,0.4843749999999999,0.7653474732990908,0.1660079051383398,0.2424942263279444,0.3508771929824561,0.3719419561003719,0.2053571428571428,0.480861701331561,0.5521517286614749,0.2351172967847654,0.8686713364883026,0.968898461978321,0.8193037743212124,0.2706065705445815,0.4947368421052633,0.3232100342604959,0.1934231388978404,0.5373484682443281,0.4626515317556716,0.3074051931971565,0.3456591047239069,0.3280026093072252,0.2093963797283018,0.776250013531151,0.6479331006596579,0.3951505177855604,0.7567572244986944,0.4993410476230335,0.5509507447432953,0.5140209791487514,0.828399541234488,0.719526211103531,0.6513905863673204,0.8890406166240625,0.4197353170378238,0.5765324647363441,31,5,Female,HVHA,5,5.0,4.0,3.0,3.0,1,1,1,1,1,1
31006,0.3524534302589732,0.5572916666666666,0.7494178823110877,0.1818181818181817,0.2424942263279444,0.1578947368421053,0.2161716171617161,0.375,0.6611076001736069,0.798517626152827,0.3920236458794134,0.6554536237965952,0.9333949063345334,0.7226485698554155,0.3156628999301194,0.6231121281464533,0.3133267522211254,0.3335902142386748,0.6440008800671557,0.355999119932844,0.2575166499012299,0.567268615485572,0.3529996303248704,0.4974254672411918,0.4512000668348243,0.3597411452477704,0.6363940991612667,0.7999032228222777,0.5441946362735817,0.6106148179431992,0.6181808092322387,0.72718374659936,0.526511928271711,0.6114136268103224,0.8971094008625702,0.4836175782908637,0.5597733336888311,31,6,Female,HVLA,6,5.0,4.0,3.0,3.0,1,1,0,0,1,2
31007,0.3998182644252612,0.5260416666666666,0.6887708589321478,0.2055335968379446,0.28175519630485,0.4912280701754385,0.3276494316098276,0.1517857142857143,0.9325439057862632,0.3480253943232279,0.4853763037156153,0.6173933290331134,0.9418518603942214,0.6282532449917646,0.351816917559006,0.6452533202164292,0.3506635954809696,0.2140019957367331,0.579006438763245,0.420993561236755,0.2887869570190737,0.262941807601149,0.2851058082291876,0.2630858237088578,0.6824022404981775,0.4798670933808944,0.5163813442074154,0.788930675416854,0.6618366635007165,0.4949987082796985,0.6280451300633051,0.8268178418441026,0.6030511077677526,0.610038083083321,0.8341225345847443,0.3716284110962217,0.4771574480153042,31,7,Female,HVHA,7,5.0,4.0,3.0,3.0,1,1,1,1,1,1
31008,0.3450704225352112,0.5625,0.6825628334081728,0.2213438735177865,0.2840646651270208,0.2280701754385965,0.1575296418530741,0.3839285714285714,0.6690470697075491,0.3231740276406201,0.4683240832672725,0.6849760821370344,0.9242789104662458,0.5867584582835761,0.3521455156162907,0.5722807017543863,0.1599210266535044,0.4650077083206314,0.5395105523891179,0.4604894476108812,0.2195536924874497,0.3164059831047044,0.1981267702136208,0.2579015512285246,0.5437204231963111,0.3988621042960535,0.6153285613840298,0.6846898945956736,0.6166375983325711,0.5418087261569189,0.487898366627819,0.6515815680070655,0.4567092132149062,0.5614859619593923,0.8854440488021789,0.338329067043178,0.3870837490286345,31,8,Female,HVLA,8,5.0,4.0,3.0,3.0,1,1,0,0,1,2
32001,0.4437755565651975,0.5,0.6543677760306091,0.2450592885375493,0.2240184757505773,0.3157894736842106,0.5107362588110663,0.3571428571428572,0.1633273811402171,0.1259117738191372,0.28893369413171,0.7345727523521909,0.8421823769991003,0.4292754485801787,0.4197261823055416,0.6330143540669857,0.300402460323487,0.4207927811795033,0.6847997090568088,0.3152002909431903,0.1754784881758284,0.4952402449839503,0.2607553702139585,0.4003691643990386,0.6290507913197669,0.4653795051415522,0.6481331425790036,0.7836177369979898,0.914216754196712,0.5838275799536581,0.6603477054243,0.8022447091236432,0.6012015265279557,0.4471403311943733,0.8506599712071159,0.1721539087330135,0.4290097415298044,32,1,Female,LVLA,1,3.0,1.0,5.0,1.0,0,0,0,1,0,1
32002,0.5586097228532485,0.4427083333333333,0.6255352616705179,0.2569169960474308,0.2078521939953811,0.1929824561403508,0.6705432448006705,0.4553571428571429,0.3669864513650471,0.0924443231058628,0.6413664169201967,0.457706147465409,0.8087640304962109,0.478506216998622,0.422937454853362,0.3356725146198829,0.1675017228855072,0.5407497660535516,0.6178226404786273,0.3821773595213726,0.4690727981350039,0.4636768077839561,0.299557122032271,0.5796070398896331,0.3349617191312752,0.2565304060219037,0.7917720196530605,0.7461719580196895,0.958348375608442,0.6447606050404171,0.5178669790197391,0.7921492930548695,0.7278687446216278,0.5782570605407772,0.6691019354208736,0.2573381952156506,0.5392985522680762,32,2,Female,LVHA,2,3.0,1.0,5.0,1.0,0,0,1,1,0,0
32003,0.4082235347569286,0.5208333333333334,0.6714803380313236,0.2292490118577074,0.277136258660508,0.3508771929824561,0.4286762009534286,0.2232142857142857,0.4494997363769217,0.236013637135847,0.3343937795779614,0.8027440160280336,0.9293994934370204,0.6115062811497416,0.3597689284132288,0.2529160739687057,0.1481586828852042,0.2944143858188783,0.5265131800349432,0.4734868199650561,0.2898206916511311,0.5007641117251656,0.2969942421798193,0.5553244178025418,0.4193542599731623,0.2702679389041843,0.7526688700141855,0.8152905878255371,0.7572611707731187,0.6597855177838075,0.7641499674031216,0.830244215377672,0.6261566572831277,0.541012037857614,0.8012195358431189,0.3141508704999033,0.619755467885974,32,3,Female,LVLA,3,4.0,1.0,5.0,1.0,0,1,0,1,0,1
32004,1.0,0.3072916666666666,0.6346016743827555,0.2687747035573122,0.346420323325635,0.456140350877193,0.4112577924459112,0.3660714285714286,0.71831475671576,0.2810729002052788,0.6175076813648417,0.5415102903291887,0.887081052048506,0.5349023018804759,0.3558734499186009,0.3269736842105266,0.2262074512814887,0.5291321002953575,0.5854299732167376,0.414570026783261,0.3969759531242268,0.8788111350389864,0.4320133286055244,0.8955990348368639,0.2635675274931388,0.2416437392847054,0.758479907217591,0.8265369433215238,0.7795605009661213,0.6461368312909508,0.4315975779500346,0.8193020314967485,0.6498696298538743,0.5772213185544989,0.9026851010969236,0.2910044320351474,0.5039615117529754,32,4,Female,LVHA,4,4.0,1.0,5.0,1.0,0,1,1,1,0,0
32005,0.4925034075420264,0.4739583333333333,0.5607026970592488,0.300395256916996,0.3233256351039261,0.2982456140350877,0.5262192885955261,0.3571428571428572,0.2919692163958929,0.0329551002051521,0.7389289543964295,0.5213178221320628,0.7882158759997153,0.4515986726955691,0.4459153613668249,0.3780320366132725,0.4407870102461109,0.3178030477418168,0.5339596311457764,0.4660403688542229,0.2788058635260735,0.5002560727137744,0.3988036089875146,0.2170919837053274,0.8356524029264238,0.7908365156919848,0.3668198877778106,0.4508610205310658,0.8313380852404852,0.5371695336083537,0.386262984514927,0.6060711595824446,0.4555758296583429,0.4441630446574838,0.7425647191222291,0.1705920020287738,0.3394852686551111,32,5,Female,HVHA,5,3.0,1.0,5.0,1.0,0,0,1,1,1,1
32006,0.2907769195820081,0.6041666666666666,0.5974365944731858,0.300395256916996,0.3695150115473441,0.3859649122807016,0.4217088375504216,0.4107142857142857,0.3757574220566172,0.2022437591756231,0.3137856978619905,0.6828703936821455,0.9037431228924846,0.6434756471059342,0.3650687483572414,0.3754385964912283,0.3249140484052149,0.6279066600699914,0.6190082219264681,0.3809917780735312,0.2302282003688378,0.3283759834810285,0.2682823837219345,0.3501784714062764,0.7794762155740723,0.5219130072506304,0.6427440292474628,0.8217185919353392,0.8434539006217718,0.7779386576914198,0.718925878440653,0.8571014675406798,0.731104977285881,0.6369000335759312,0.7292095788224149,0.5200413600254514,0.5323231155133159,32,6,Female,HVLA,6,3.0,1.0,5.0,1.0,0,0,0,0,1,2
32007,0.502839618355293,0.4687499999999999,0.5180015202789181,0.375494071146245,0.4272517321016166,0.7017543859649122,0.584280650287251,0.1785714285714285,0.3688304364198133,0.525187590311331,0.2393040113958794,0.8332650993413147,0.9401495338498836,0.4367427464291278,0.4019617654691452,0.7248120300751881,0.4714592648510539,1.0,0.7948617847580974,0.2051382152419014,0.3118719321872743,0.3531320609904347,0.2574703554724064,0.3208883873977001,0.6648467007153149,0.5286292304758768,0.6111094129996086,0.3828623890616034,0.6733253702776143,0.9251820634395254,0.7189486336610891,0.6180467599917238,0.6220740373133928,0.6893109767925082,0.7079171476684323,0.4641063887372001,0.7588367189047762,32,7,Female,HVHA,7,5.0,1.0,5.0,2.0,0,1,1,1,1,1
32008,0.4669582096432757,0.25,0.6035363869444433,0.2687747035573122,0.3695150115473441,0.5789473684210527,0.2562339567290062,0.2589285714285715,0.57156833192639,0.1039198778260955,0.5477032928747585,0.6800224501268807,0.8968537662040406,0.4474916527471099,0.3823715718394924,0.6712328767123288,0.2827784259176164,0.362816043125421,0.4542762163096172,0.5457237836903823,0.5046401267688334,0.5179675297646213,0.4089531007905824,0.6080336151157066,0.5074324253880153,0.4059933420132573,0.6975121903516818,0.6242186574367307,0.7106465594247251,0.5880454066789629,0.4936049061004114,0.6987143141641267,0.5207342879300946,0.4834179359674312,0.6077196694376266,0.172865744458556,0.5021104335848736,32,8,Female,HVLA,8,3.0,1.0,5.0,1.0,0,0,0,0,1,2
33001,0.5355520218082689,0.4531249999999999,0.731436619476838,0.1106719367588932,0.0808314087759815,0.1052631578947368,0.5765391353950209,0.2410714285714285,0.6840524110311303,0.2852459118761921,0.4951796354661091,0.5909086426853083,0.9085365028900416,0.497377418365738,0.3964112735696334,0.6851063829787236,0.3759767095554402,0.6019920706892807,0.687156869396397,0.3128431306036021,0.423068646373516,0.2489510628173916,0.3617509451508084,0.405143977679577,0.8024982990925973,0.51294720957377,0.6258117360723758,0.9317843335070324,0.8863240069891736,0.8040468823865028,0.597763955126637,0.8863994725603327,0.7031857927095382,0.6087538974626747,0.6899669901548169,0.3827402792953259,0.5757692056331452,33,1,Male,LVHA,1,4.0,5.0,4.0,4.0,1,1,1,1,0,0
33002,0.6211949114039073,0.4166666666666666,0.7293133875727521,0.0869565217391303,0.1039260969976905,0.3157894736842106,0.6446644664466445,0.1071428571428571,0.3528945999917243,0.0557825268920205,0.512615871719249,0.7179404185950051,0.8639431333501576,0.5076981975784531,0.3897157273569178,0.6289473684210529,0.4220428546542012,0.5074159290708917,0.6185725628918028,0.3814274371081969,0.4401482769568572,0.6212530391926117,0.28196354441818,0.8505350938577472,0.55677153563997,0.3102029284057294,0.9322580190650892,0.7898130056398242,0.7194986771314908,0.730783681525814,0.7760695564288007,0.780788417906651,0.5928531744977539,0.565810896893315,0.7878478076317936,0.3772181165679609,0.4957730897704848,33,2,Male,HVLA,2,2.0,5.0,2.0,3.0,1,0,0,0,1,2
33003,0.6211949114039073,0.4166666666666666,0.531450496988351,0.5533596837944663,0.2078521939953811,0.1052631578947368,0.777044371103777,0.9196428571428572,0.5536679993544404,0.4556756692760457,0.4424044326679593,0.6209944797354262,0.9030902357833336,0.5446577764764615,0.4376307922865055,0.7834160873882823,0.5702920852447593,0.4074003433148956,0.5974586632901244,0.4025413367098751,0.4055514971342832,0.76153475256168,0.1771345553437458,0.9782427791182248,0.1264751875548904,0.0,0.9957234122206814,0.6811698424027908,0.9687974102857904,0.8949611502157302,0.8236179956830386,0.838973575917308,0.7829401567223246,0.7202147812214316,0.6862722752964432,0.7172564504756904,0.611240321866727,33,3,Male,LVLA,3,3.0,2.0,4.0,4.0,0,0,0,1,0,1
33004,0.6771921853702862,0.3958333333333333,0.6746241652816723,0.1264822134387351,0.0808314087759815,0.2456140350877192,0.6539542843173206,0.1428571428571428,0.5028152054536023,0.2748122409615594,0.4437686164161404,0.6697878448623727,0.900997756058276,0.5224494982801509,0.4253533713728981,0.7125124131082425,0.41944199095963,0.385293870119527,0.6577182613653598,0.3422817386346393,0.3385393567984892,0.1997520021901163,0.303412008959796,0.2589129135246262,0.9203562000184784,0.6344844972743273,0.4821121781597881,0.6637274377616542,0.8610369655562888,0.7451081626057556,0.5128934126663669,0.7570365931648404,0.6336095448215415,0.4613230170820037,0.6815998169685837,0.4141552171288282,0.6086917030961061,33,4,Male,HVHA,4,4.0,3.0,5.0,4.0,0,1,1,1,1,1
33005,0.5586097228532485,0.4427083333333333,0.5692852004061046,0.5059288537549407,0.1662817551963049,0.1403508771929824,0.5471213788045471,0.3303571428571429,0.5468160997823099,0.2665974775965227,0.3787681296768234,0.7890101365994652,0.9357192126448212,0.4319123491970193,0.4283268499211847,0.6557894736842109,0.3693320171108917,0.4489947693299285,0.5950054623753518,0.4049945376246469,0.5325417963647716,0.5416396453460919,0.4032078810430425,0.761459274723824,0.3184644048187179,0.169401835903213,0.8204623337639846,0.6590113999041347,0.8296364901237878,0.8352432877319427,0.8963715295562195,0.8256415089865357,0.75541317826044,0.5189980437608551,0.6992217218970849,0.376617398356532,0.7487498797348857,33,5,Male,HVLA,5,4.0,3.0,4.0,3.0,0,1,0,0,1,2
33006,0.5469104952294411,0.4479166666666666,0.5630369171840712,0.4782608695652173,0.1662817551963049,0.1578947368421053,0.7584647353624251,0.2410714285714285,0.5934903620351146,0.2106454324501444,0.5086686745582307,0.5695984341118941,0.8903500001689901,0.473978400211523,0.4368227580616775,0.5780399274047188,0.5100281703705487,0.7591385550809493,0.679462256888695,0.3205377431113041,0.4301504053173927,0.6763321239594953,0.443436874400384,0.8241582306729747,0.4488066917906142,0.2818021540946097,0.7764182245054803,0.7788770109012139,0.9454574810768006,0.8484613243804615,0.8495232942638286,0.7524518348479643,0.6557135299501179,0.6172401092800603,0.7077116546659274,0.7442685781199774,0.7087182165589105,33,6,Male,LVHA,6,3.0,4.0,5.0,3.0,1,0,1,1,0,0
33007,0.6080190822353475,0.421875,0.5499566525287708,0.5256916996047429,0.1824480369515012,0.087719298245614,0.5523469013568023,0.9107142857142858,0.4168777704946758,0.2019922562226863,0.6015843642700718,0.527157823580688,0.8381002591840446,0.4936212938330912,0.4463508121345685,0.5657242279251848,0.3544734774462598,0.5558930616219033,0.7695445635379643,0.2304554364620354,0.4465684897050438,0.3969024663968518,0.8407139665091397,0.4248312242804751,0.8233537305132195,0.6476470446943436,0.1038098758240348,0.7183573375496827,0.9633133764113488,0.7939471402636671,0.850544173572812,0.88538537175771,0.784128502141434,0.5667130005146931,0.7286673482908421,0.4345941025740097,0.6371758290768745,33,7,Male,LVLA,7,2.0,5.0,5.0,5.0,1,0,0,1,0,1
33008,0.5469104952294411,0.4479166666666666,0.4169898347451772,0.6640316205533596,0.3695150115473441,0.1052631578947368,0.6423420119789756,0.8571428571428572,0.5521600881429669,0.0455552189152708,0.9888189173532382,0.3053485351984194,0.7727680592675392,0.3335484827424741,0.4998985102081901,0.4180451127819551,0.41944199095963,0.362816043125421,0.882419457211348,0.1175805427886509,0.5953703566877384,0.6822899973212679,0.4800738108582882,0.8042400420228999,0.3872200261789956,0.3255144224326829,0.7371164947644546,0.4202903516781608,0.850386049654597,0.8135511851006114,0.8252185814984984,0.6221372088939816,0.4758861511316873,0.6887370629667083,0.7099111811379872,0.1187677349803945,0.6880405427524487,33,8,Male,HVHA,8,5.0,5.0,3.0,5.0,1,1,1,1,1,1
34001,0.2907769195820081,0.6041666666666666,0.6830426489447547,0.2529644268774703,0.3695150115473441,0.7894736842105263,0.2823615694902823,0.1071428571428571,0.5298002128627454,0.1997953623940985,0.3277055789382138,0.7288930197439281,0.9370142371955484,0.5442382730324316,0.2045782150319919,0.245837320574163,0.1573120857424904,0.4600623925429952,0.4051984724537956,0.5948015275462044,0.3276279038920911,0.5053321666712789,0.4827997277422112,0.2871365683652053,0.7905324955330536,0.6954098522832568,0.3583077939695505,0.8926706704577275,0.4195391017196372,0.3652752268625273,0.6535575758853235,0.7905173903489342,0.7464817925501932,0.5812819549512451,0.4032471101642638,0.1138954717065064,0.4981754322940761,34,1,Male,LVHA,1,5.0,3.0,5.0,1.0,0,1,1,1,0,0
34002,0.3101999091322126,0.5885416666666666,0.7109022529536165,0.2371541501976284,0.3579676674364896,0.4912280701754385,0.0869724653624783,0.2678571428571429,0.4926739899443298,0.1757160780778322,0.4288724867759728,0.6279478272226179,0.896111512239681,0.5119984671519193,0.1641557620638056,0.4578545600642831,0.1384061988667865,0.5167365866318345,0.6685246810436913,0.3314753189563082,0.4560606501769345,0.5322974663848914,0.4003793142746965,0.2965175286573145,0.5734140074941481,0.6149830470612797,0.4385331811196717,0.9658649963001236,0.3473117931016667,0.5050354209817138,0.8853796943913445,0.8480573686830688,0.7532507528460712,0.5472301248295564,0.4485697435941702,0.1958510885423657,0.6152381060299617,34,2,Male,HVLA,2,5.0,1.0,5.0,1.0,0,1,0,0,1,2
34003,0.3169014084507041,0.5833333333333333,0.6899775922881783,0.2450592885375493,0.3556581986143189,0.5614035087719298,0.3201014545899033,0.3392857142857143,0.5334331246084754,0.1110475276565774,0.5623830719441907,0.4632670339497329,0.8541172212319807,0.4401992062756605,0.2406075893224359,0.5414187643020596,0.2251873189519848,0.4734194032108494,0.6069848655476098,0.3930151344523895,0.5587183771755799,0.2108760022588643,0.578196501249227,0.2860797971947577,0.9717995782100908,0.7183411486403669,0.0535553935375262,0.7514914728530532,0.5218875420234135,0.3181411934516309,0.754903261113172,0.871030587587112,0.7276951606425713,0.5651497533650268,0.2764297690852126,0.2492735624683561,0.5582273486288887,34,3,Male,LVHA,3,4.0,2.0,3.0,1.0,0,1,1,1,0,0
34004,0.3524534302589732,0.5572916666666666,0.7230468326090581,0.2213438735177865,0.3233256351039261,0.8245614035087718,0.1728744303001729,0.125,0.7666090778382294,0.7263227628544291,0.2658060207377362,0.8527264424533181,1.0,0.7543509047370216,0.1918065644483892,0.736842105263158,0.4155972359328726,0.5797900765694286,0.5843619864033358,0.4156380135966633,0.1133385497911131,0.769867894052191,0.4189128743727657,0.505117063503427,0.4049876123164629,0.3847797485633237,0.5669722061336574,0.5427323628884143,0.2765656994053884,0.5052434946580269,0.646626811199512,0.9037754261471832,0.8600847942188783,0.5858157470035591,0.5952774167401875,0.2341919397557562,0.733466342815376,34,4,Male,HVHA,4,5.0,1.0,3.0,1.0,0,1,1,1,1,1
34005,0.443661971830986,0.5,0.7010016403464744,0.2371541501976284,0.3579676674364896,0.807017543859649,0.1366803347001366,0.0982142857142857,0.5935532814064017,0.2712221029057201,0.4006336508519972,0.7712121032178236,0.9366080796434392,0.5416062798345058,0.1982237495991305,0.4789473684210525,0.235781000835295,0.4544788700883972,0.5146206679952035,0.4853793320047965,0.4005580642055422,0.3795596822464453,0.3729953214791664,0.2731387097750962,0.6397909453419021,0.5423153274571655,0.4250640939249797,0.7928721455208702,0.3023014135832342,0.4312273083225429,0.8140542696540316,0.8538545424014512,0.7896027549276317,0.6011080721445831,0.6699025374031491,0.1145311456940926,0.6428850896088836,34,5,Male,HVLA,5,5.0,1.0,3.0,1.0,0,1,0,0,1,2
34006,0.4082235347569286,0.5208333333333334,0.7257033949969809,0.2213438735177865,0.3233256351039261,0.5789473684210527,0.340422931182007,0.3392857142857143,0.4916063423856673,0.2124297203374045,0.4486783231126365,0.6476466943744434,0.8950876155411673,0.4289717553794221,0.1821604519315816,0.4213225371120113,0.3894093762223174,0.558872645240676,0.6143182735636463,0.3856817264363525,0.6112890931010455,0.4338503889178053,0.4935160878257524,0.41765364582948,0.7464507256317544,0.6564657593097744,0.4602495205906625,0.8618123205221037,0.4598526279208708,0.505834853999837,0.5824233703727967,0.891244057110045,0.7623196835569205,0.6135095421548136,0.3743576706964644,0.1430644046094905,0.5247828542111497,34,6,Male,LVLA,6,3.0,1.0,3.0,1.0,0,0,0,1,0,1
34007,0.9307133121308496,0.3229166666666666,0.7110306272820309,0.2371541501976284,0.3348729792147805,0.5614035087719298,0.2083333333333333,0.2232142857142857,0.5704727493630118,0.1533346775310013,0.3772114102847863,0.7432183832123178,0.9344739440491022,0.5327465080580325,0.1920216466181126,0.5548311076197958,0.4714592648510539,0.6148888172736062,0.5028101476078033,0.4971898523921958,0.3034250455480781,0.6978239314141697,0.4698552037882491,0.4702316762385217,0.6223129250457197,0.5792000406449719,0.5192753063617224,0.8964203552764863,0.4493670380806456,0.4757658926126117,0.8561958620868121,0.8996038799525138,0.8131371333801044,0.5851497987670456,0.4555285470004078,0.2540726070547723,0.5233864726097253,34,7,Male,LVLA,7,2.0,1.0,2.0,1.0,0,0,0,1,0,1
34008,0.3755111313039527,0.5416666666666666,0.6914581663941841,0.2529644268774703,0.3810623556581985,0.736842105263158,0.1987532086541987,0.2053571428571428,0.8591944321701678,0.4024755176035595,0.3804892050567842,0.7902195829447421,0.975988549221471,0.6900037394143286,0.1848691115400251,0.555896069287142,0.1983685769210786,0.4644267737898055,0.6262161928092056,0.3737838071907937,0.1875751189402419,0.53199295161379,0.369348783715653,0.2516666333673167,0.6598777325648176,0.5968102124556145,0.425992322730387,0.7733227630853473,0.3246088427206157,0.4427391531933793,0.5602742242574313,0.8238386232647719,0.6878499173344695,0.5827941133118422,0.5873025446874829,0.2311636190369079,0.6601105225557264,34,8,Male,HVHA,8,5.0,2.0,3.0,1.0,0,1,1,1,1,1
35001,0.3169014084507041,0.5833333333333333,0.6723849956546317,0.1976284584980236,0.277136258660508,0.456140350877193,0.3810658843662143,0.2678571428571429,0.6014126433204391,0.2879100626008709,0.3367517273791017,0.7113574975769128,0.94409036903985,0.4923385129442733,0.3595574372067154,0.3754385964912283,0.190272930773188,0.4768761219255046,0.681888578537732,0.318111421462268,0.4912696128464019,0.1240500875340833,0.3794607762242041,0.3757285464176615,0.8415175702262045,0.5140670077414682,0.5938050754636157,0.7607888404979896,0.6739492344136149,0.5531292975268642,0.5996430408878527,0.7204858626813241,0.4965206580272248,0.3875012376335369,0.7775101010516394,0.4378089963214913,0.3784236303106407,35,1,Male,LVLA,1,3.0,3.0,3.0,3.0,0,0,0,1,0,1
35002,0.6211949114039073,0.4166666666666666,0.6507645767521426,0.2055335968379446,0.3002309468822169,0.5087719298245614,0.4957370737073707,0.1607142857142857,0.4731369485728763,0.2296348220808823,0.3252878212952388,0.8209018467878703,0.938114017668778,0.5685213161311682,0.3699950446814528,0.6253200568990045,0.2737936240636432,0.6148888172736062,0.6112256373277623,0.3887743626722368,0.30139308435059,0.2113803193618159,0.2128737274364968,0.325827044587105,0.7895597130383234,0.4918342115621208,0.7599669944083856,0.6963765425719041,0.6894160900237949,0.555909896154573,0.575290513193828,0.7238811677297619,0.5251511500412874,0.4999468099557262,0.8511418037731735,0.4886930501209057,0.1968305712638005,35,2,Male,LVLA,2,3.0,3.0,3.0,3.0,0,0,0,1,0,1
35003,0.4082235347569286,0.5208333333333334,0.6780888132628711,0.2015810276679841,0.277136258660508,0.4912280701754385,0.3288106588436621,0.2232142857142857,0.693871296285948,0.2628586071379807,0.4320582644635238,0.6893561212206644,0.9345563273150084,0.5182188577154028,0.3398794879631959,0.3269736842105266,0.1323866656541878,0.4079634056594243,0.675304868637884,0.3246951313621151,0.4082834046074958,0.4584693834004344,0.2733443431224676,0.6121609196144115,0.4180767885887975,0.2394640456157039,0.8500009563126781,0.7804498952023667,0.6684149702639373,0.5623764309897732,0.5209774971764104,0.8147509955988903,0.6155205781291432,0.6128586311718095,0.772513641096638,0.7337793076610228,0.4072259830528468,35,3,Male,LVHA,3,4.0,4.0,4.0,4.0,1,1,1,1,0,0
35004,0.3379145842798727,0.5677083333333333,0.5951320648982861,0.2450592885375493,0.3348729792147805,0.4035087719298245,0.2881677056594548,0.3125,0.4321323494159373,0.1584987317820799,0.3771066251080217,0.6892879661122765,0.9028783806998788,0.3545296170923616,0.3844096188151495,0.4849760765550237,0.1976437460553784,0.4689519480299196,0.6671665005061025,0.332833499493897,0.4485279629438067,0.1007084419755111,0.2737652032697527,0.2971885914622758,0.9645774406026456,0.6128651362099209,0.6781463722544655,0.7265151691385638,0.8183473023472405,0.5585786165868407,0.625638357402875,0.7410715837579264,0.5519020822429059,0.5340709527240962,0.5274509081140693,0.3773321555341067,0.3744705213628214,35,4,Male,LVHA,4,2.0,4.0,2.0,4.0,1,0,1,1,0,0
35005,0.3238300772376191,0.578125,0.6386844286324789,0.2529644268774703,0.3348729792147805,0.5964912280701755,0.1662388461068328,0.2232142857142857,0.2038404457276436,0.2089248819393382,0.3031781605360204,0.7975024644584257,0.8656502124728984,0.3095684476443158,0.3297266292632503,0.7268847795163587,0.248288380091074,0.6148888172736062,0.6741661006990971,0.3258338993009018,0.3071492683002865,0.0536575275407264,0.1395860003075358,0.0574169788490278,0.9787568967438156,0.6915623377803071,0.2948048744942469,0.5571405182063655,0.566632044080069,0.438761148532681,0.4295884204321578,0.6974186146793468,0.5230047566497374,0.6004511846355897,0.5816873397226345,0.2264796483523641,0.1256929691985068,35,5,Male,HVHA,5,5.0,5.0,1.0,5.0,1,1,1,1,1,1
35006,0.2907769195820081,0.6041666666666666,0.56776954482909,0.2687747035573122,0.3210161662817551,0.4912280701754385,0.7265309864319766,0.1160714285714285,0.6579121191173786,0.482631688840525,0.3985060055012645,0.7268053881782579,0.9409326040199796,0.6406414263517832,0.3951257650303907,0.6461538461538465,0.3805330700888449,0.6885029902549347,0.6780552526588954,0.3219447473411043,0.3065062681026178,0.4078919730568806,0.2619176611828519,0.5254794802116906,0.5077162871489438,0.2925720520732116,0.8085584093904814,0.4022091116704788,0.8065902607333448,0.7644250866543227,0.6497335951983109,0.6524031118897932,0.5768896401063378,0.6000928647415656,0.8742660253566203,0.6207824301092071,0.7050755102611881,35,6,Male,HVLA,6,5.0,3.0,4.0,2.0,0,1,0,0,1,2
35007,0.3915265788278055,0.5312499999999999,0.6272446434717819,0.2450592885375493,0.346420323325635,0.456140350877193,0.2719105243857719,0.2410714285714285,0.3141879213263263,0.0788181650366435,0.4498333903975733,0.7486748000514655,0.8678299771857941,0.5070276816731842,0.3753460319338577,0.6275042444821732,0.2694965449160908,0.5409474701901389,0.7556191703625004,0.2443808296374994,0.218370526466045,0.1641850427100589,0.2056003245790245,0.2050994121771342,0.7286370210728694,0.4635852651889973,0.5689318951153108,0.7629170111655482,0.6957073318025804,0.5545822476477351,0.5247235554942697,0.6567840449626365,0.485433725722625,0.5079433299586686,0.8105236187846891,0.2734102424911034,0.2860518126798226,35,7,Male,HVHA,7,5.0,5.0,2.0,5.0,1,1,1,1,1,1
35008,0.2971376646978646,0.5989583333333334,0.5570569425055698,0.2885375494071146,0.325635103926097,0.4385964912280702,0.5749908324165749,0.2410714285714285,0.1704436019713345,0.1215939922350298,0.3340227909045992,0.7652422256967701,0.8386001417497968,0.4693469774952128,0.4003112766562866,0.7107830551989736,0.3828505293256629,0.4983845939278062,0.5978860309953984,0.4021139690046014,0.1788159771197978,0.3426336772129028,0.2309437833088383,0.3365256301940155,0.699532935556578,0.4617021459090504,0.6647249828045605,0.6019587778160326,0.8641777165442692,0.7258709508952714,0.7651764072648867,0.6786293095722515,0.5688310587768558,0.7194702814334025,0.893962407053654,0.6375296377360751,0.5021104335848736,35,8,Male,HVLA,8,4.0,3.0,4.0,2.0,0,1,0,0,1,2
36001,0.5469104952294411,0.4479166666666666,0.7955614129320224,0.1501976284584979,0.2193995381062355,0.456140350877193,0.2497020535386872,0.2321428571428571,0.4658834289153747,0.4825752205674811,0.3055302557617241,0.6623592104181244,0.9222758101273372,0.5872482590447476,0.2746123333443446,0.3431096826034556,0.2612655200700749,0.1977418370460788,0.5404177980966409,0.4595822019033588,0.262558238072724,0.3959164089463051,0.289077782885429,0.2156281343254728,0.7066765146118527,0.6265457558934596,0.4526306523370114,0.8086397810178033,0.4545330632778601,0.4476692859655941,0.3835644007180602,0.7134111973358751,0.4877671905844034,0.4420670314386143,0.782610200651134,0.1770312073150464,0.5660848015399178,36,1,Male,LVLA,1,1.0,1.0,5.0,5.0,0,0,0,1,0,1
36002,0.4530895047705588,0.4947916666666666,0.7869849128125056,0.1581027667984189,0.2424942263279444,0.5087719298245614,0.1942449146875471,0.25,0.5617705589996552,0.3459559741538131,0.3770340800066501,0.6902198818127021,0.926501856422804,0.6095224725949702,0.2428261292514131,0.5363525091799266,0.230469648000649,0.3151265993676562,0.4803604630205791,0.5196395369794202,0.1776123404182978,0.4900543171032279,0.2038096730750076,0.3531076141913967,0.4138035183094502,0.343653361839532,0.6565019547084321,0.8717323967602227,0.3644849402539989,0.4165179124714255,0.3991052912624651,0.7691193592096017,0.5588699470636737,0.5830504063591477,0.9051848045445672,0.1826384803445195,0.5772987800913434,36,2,Male,LVHA,2,1.0,2.0,4.0,2.0,0,0,1,1,0,0
36003,0.4723989095865516,0.4843749999999999,0.7523716904507046,0.1818181818181817,0.277136258660508,0.6666666666666665,0.1507558163223729,0.1428571428571428,0.4081796966197148,0.3812982416303307,0.2725922598605936,0.7558189848514654,0.9308652227406436,0.6916646335711814,0.2473259833567378,0.1964912280701756,0.248288380091074,0.0924771259230197,0.4599817152274679,0.5400182847725314,0.1070203100561645,0.3155798541888477,0.1433276905536455,0.1561013683771671,0.5683692009183567,0.4387467028133524,0.5514007423230145,0.769128740978622,0.3599008456795565,0.41770612213699,0.3768264066358553,0.7500031317239225,0.5198349418249972,0.5635412671334207,0.8765499244429948,0.2184731182010034,0.5757692056331452,36,3,Male,LVLA,3,4.0,4.0,2.0,4.0,1,1,0,1,0,1
36004,0.3834620626987731,0.5364583333333333,0.7598424233665169,0.1739130434782608,0.2655889145496536,0.6140350877192982,0.179900342975474,0.0892857142857143,0.6455228777278258,0.6067079531582998,0.3227213322593482,0.6878571416978584,0.9506895132006028,0.4865026217760402,0.2495125383962486,0.2074792243767316,0.0973064447891693,0.3182636458341137,0.7071133618332497,0.2928866381667492,0.2929696450862751,0.5259401038315115,0.3229742226711943,0.5183892457911506,0.4514315152386955,0.3221350988595933,0.6889768531793616,0.8425699707100817,0.4406559258354809,0.3860610132080962,0.3766763295045021,0.8039687992819382,0.5652825349838546,0.5626747598912667,0.8566898240625598,0.1796972493569589,0.4802595483078813,36,4,Male,LVHA,4,1.0,2.0,4.0,2.0,0,0,1,1,0,0
36005,0.3450704225352112,0.5625,0.7520038171359824,0.1897233201581026,0.2886836027713625,0.4736842105263157,0.1715171517151715,0.2053571428571428,0.6489722931467484,0.7513925769529421,0.2760961725868426,0.8143233741665405,0.9781108420641073,0.8333218142413037,0.2528260124085444,0.5016194331983805,0.133588925365596,0.2010379940452424,0.4499698601396558,0.5500301398603431,0.134861460569253,0.3045188459520783,0.1526508330328561,0.1315838341986118,0.636512394476091,0.5101129864326139,0.5080566425298977,0.7621784763714178,0.3483367892050568,0.4447910379026971,0.6755665993892966,0.7540216372966994,0.5339636831158316,0.4842420247179084,0.924219102964976,0.4012035403963177,0.6841674078419047,36,5,Male,HVHA,5,3.0,3.0,4.0,4.0,0,0,1,1,1,1
36006,0.3755111313039527,0.5416666666666666,0.7540994357274828,0.1897233201581026,0.2540415704387991,0.5789473684210527,0.278006967363403,0.1696428571428571,0.6956588609257122,0.7329158063951804,0.3479356033583555,0.6510293975505659,0.9466639921909886,0.5918870473939501,0.2413442050066301,0.1438872772482389,0.2923247778874629,0.0,0.3019591623706805,0.698040837629319,0.2464036941179309,0.6964717898187023,0.4022939045887392,0.6088470221459212,0.3411029047885173,0.2797753884387223,0.6533114892358961,0.8542861262274414,0.4898454047688252,0.4750266009454423,0.7744303038796836,0.8399197159151758,0.6574488451598864,0.5452102147344936,0.6953172625075563,0.2190653602872436,0.5520914859298454,36,6,Male,HVLA,6,5.0,3.0,2.0,5.0,0,1,0,0,1,2
36007,0.4082235347569286,0.5208333333333334,0.7510092918726392,0.1739130434782608,0.2563510392609699,0.6842105263157894,0.1004359695228782,0.1160714285714285,0.7708025655356086,0.4343187416843985,0.3684550562034657,0.7878332631427958,0.9685001650544498,0.6537380567564428,0.2685593934539552,0.4166507177033494,0.2173177266958115,0.0723843685633816,0.3944918032728459,0.6055081967271534,0.2617370907036554,0.4198392739390939,0.3672794583000379,0.3357270494533966,0.6775557911161805,0.5189718354463884,0.5004432773286577,0.6970435697122433,0.3276681018089999,0.4354883342478233,0.6076410671787913,0.8072291755800975,0.6278901091988066,0.6663964137706003,0.8181315937860978,0.2453152067115213,0.6530571265142868,36,7,Male,HVHA,7,5.0,3.0,1.0,4.0,0,1,1,1,1,1
36008,0.3915265788278055,0.5312499999999999,0.7495460482349188,0.2015810276679841,0.2886836027713625,0.6491228070175439,0.0454712137880454,0.1339285714285714,0.4727386903020226,0.1615888760405578,0.4009328046117246,0.7904302931375538,0.9183779114898178,0.6393929419862308,0.2412194974498729,0.4284600389863549,0.278861973827423,0.362816043125421,0.6367894728730594,0.3632105271269394,0.2192575565193461,0.4759696618246614,0.2294979823431545,0.3387693627833851,0.5102117240340305,0.4341414858401832,0.6247279203620786,0.8470328008309033,0.3217353141655032,0.5569640231416895,0.651648549757011,0.6770748740264148,0.5175447529663975,0.5676235211362769,0.821409842155755,0.2761610852650345,0.7711110443055185,36,8,Male,HVLA,8,5.0,3.0,2.0,4.0,0,1,0,0,1,2
37001,0.6211949114039073,0.4166666666666666,0.5515850722226163,0.3557312252964426,0.184757505773672,0.0175438596491228,1.0,0.9642857142857144,0.4393605001359108,0.1636888703623971,0.4962039359958125,0.5962725887037127,0.8695351609004844,0.4199086963078108,0.4413123888195778,0.6311475409836067,0.3591492416763887,0.5076534382160909,0.5925569796898529,0.4074430203101464,0.4290569606701152,0.3150106717665266,0.3958981989568361,0.3865479136467514,0.8694008325586113,0.6358199871144644,0.5343761082886125,0.682179400484472,1.0000000000000002,0.685295015568441,0.7285842929255727,0.7866494644443403,0.7730194288803955,0.5416587633109152,0.6027917393275457,0.3001392411252526,0.6274572499232647,37,1,Male,LVHA,1,3.0,3.0,3.0,4.0,0,0,1,1,0,0
37002,0.6211949114039073,0.4166666666666666,0.7200102433154658,0.1106719367588932,0.1732101616628175,0.4035087719298245,0.1715171517151715,0.125,0.4638026258758874,0.0926174657638447,0.7253676498938304,0.5084814795278461,0.8289174294055296,0.2853016939741038,0.3694638333503814,0.9199583116206358,0.7123642645607108,0.8187712081287555,0.719633016858515,0.2803669831414848,0.4525551577422058,0.2807538538101561,0.2007594601861143,0.4918283239135377,0.5792889282274667,0.3322317000046244,0.9620265091386824,0.2997921930331656,0.5764858882060253,0.2549861997808564,0.101535158268373,0.4298270342006773,0.2934339075681342,0.3386428962963075,0.4788517846033642,0.4519809667226109,0.0,37,2,Male,HVLA,2,4.0,4.0,4.0,2.0,1,1,0,0,1,2
37003,0.5586097228532485,0.4427083333333333,0.6111088312751517,0.1620553359683794,0.161662817551963,0.1929824561403508,0.4478364503116978,0.2142857142857143,0.3789262343225241,0.0767113698309372,0.4212177456834762,0.6671984410756077,0.879485903833163,0.3179960815588744,0.4326339479986163,0.6868179623370354,0.4813425468904244,0.6495488237189817,0.7475693569069091,0.2524306430930911,0.4524886121196902,0.3416080890231535,0.405705808695505,0.3896708344938465,0.7072760825452387,0.5423202964019643,0.5235841100822691,0.6264722566519856,0.8569108364285476,0.5266479832596174,0.4369233405695814,0.7750045701585206,0.5995131718652218,0.3717920924718367,0.3579654969905732,0.5092881116521286,0.5164284116802849,37,3,Male,LVLA,3,2.0,3.0,4.0,5.0,0,0,0,1,0,1
37004,0.6211949114039073,0.4166666666666666,0.7229781245902431,0.1027667984189723,0.1270207852193995,0.3859649122807016,0.5392830949761642,0.1607142857142857,1.0,0.5968171921095048,0.5239590864163757,0.5878443166194937,0.9375310248248886,0.5648099510041702,0.3829845033026489,0.6469125569830085,0.4461764503317339,0.3900671538441438,0.5963289637729046,0.4036710362270952,0.3154085613275526,0.2441436730411664,0.6366332421559711,0.3313377064645002,0.953074120756906,0.6301394636377422,0.0820385578856272,0.7190505147123875,0.732666801952863,0.568522589360867,0.6858296484212888,0.7177204339771659,0.5329168234400486,0.4632843395463011,0.6679286648199767,0.6973947107445488,0.505582826898225,37,4,Male,HVHA,4,4.0,4.0,4.0,5.0,1,1,1,1,1,1
37005,0.1319854611540208,0.7708333333333333,0.5052407113338621,0.5533596837944663,0.2540415704387991,0.2456140350877192,0.8223322332233222,0.0803571428571428,0.3743514992546489,0.1382966901331924,0.3357187872630652,0.7816403674294647,0.9103386092214494,0.4621035141496069,0.4453436238376351,0.6693722257450858,0.3846061802626462,0.6370712213986462,0.6612723892680132,0.3387276107319859,0.2170070009161283,0.3465392133062652,0.2822256261590062,0.315303052205408,0.8260156184643933,0.5928279412516675,0.5773461620215206,0.5410963231900245,0.8774505244681736,0.8148703266787973,0.7800806116210683,0.8551737629633123,0.7023726142909167,0.6795957154918911,0.7415638512866467,0.4438026680770549,0.7442422697232116,37,5,Male,HVLA,5,5.0,4.0,4.0,4.0,1,1,0,0,1,2
37006,0.5586097228532485,0.4427083333333333,0.493360110177418,0.5652173913043477,0.2540415704387991,0.3859649122807016,0.8536853685368536,0.8303571428571429,0.3984736018198652,0.1127441453690444,0.5353731219527242,0.5651766745289262,0.8498369658630502,0.5259645003541391,0.4605654645704913,0.7212940608401741,0.4393385982230997,0.5276938325053657,0.7629770616148854,0.2370229383851139,0.3071627893439815,0.6353922547619122,0.3831884414880631,0.5093701156715593,0.6040397969152422,0.5596157865931175,0.6097456236102139,0.6848458625567809,0.9771152168931604,0.7137320382296033,0.8293276320611721,0.804546245003083,0.6456770826633955,0.5347915194120518,0.7176090194984006,0.1988740041938547,0.7628155147437714,37,6,Male,LVHA,6,3.0,3.0,1.0,4.0,0,0,1,1,0,0
37007,0.5469104952294411,0.4479166666666666,0.7324971207369612,0.1106719367588932,0.1732101616628175,0.1578947368421053,0.3055861141669722,0.3660714285714286,0.6035720349230261,0.1743748632423692,0.5512231157211454,0.4894295941413532,0.8717381861752451,0.3841140323889664,0.3802539105315066,0.72027405792588,0.5577133626491968,0.4544788700883972,0.56033516969955,0.4396648303004489,0.4787483338053146,0.2577172996650764,0.5835304704899931,0.3998090706787003,0.741240776092874,0.4934030397847524,0.2837352742101611,0.6799677301673989,0.6960529967411218,0.3298204964054143,0.6433409166180214,0.6062724872037593,0.3922809745857548,0.3394198416919074,0.6030645690665386,0.2806599713443881,0.4117162520994182,37,7,Male,LVLA,7,2.0,4.0,4.0,5.0,1,0,0,1,0,1
37008,0.6921853702862335,0.3906249999999999,0.5647639578120505,0.4545454545454546,0.2193995381062355,0.1052631578947368,0.4356435643564356,0.2946428571428572,0.888142810553109,0.3017272626037247,0.5034128065019787,0.68870512872852,0.9443311208689128,0.536041692317873,0.4201444164199603,0.7000000000000002,0.4296453792998708,0.5325284059182582,0.6377035742788344,0.3622964257211649,0.3666530156685034,0.5823427659346985,0.1660668463932136,0.7587913207795727,0.2703360639263044,0.1106261091820806,0.9743017831946796,0.2782335019680455,0.8034792246249542,0.9351326582369746,0.6810199920427171,0.8079777550384467,0.7663523026608845,0.6589007366318359,0.7287038676274626,0.5224142485002521,0.8425372820712647,37,8,Male,HVHA,8,4.0,4.0,2.0,4.0,1,1,1,1,1,1
38001,0.5705361199454795,0.4375,0.8239647026652267,0.1106719367588932,0.1732101616628175,0.4210526315789473,0.2409928492849284,0.2589285714285715,0.6474510879610433,0.158256563745225,0.5806077115878352,0.4892403763670577,0.8737435466576534,0.4059257269988259,0.2842660949197377,0.3435137138621202,0.2706560742098747,0.5184435819473441,0.6209818864554126,0.3790181135445873,0.4723330629824255,0.3234813021936176,0.3075630019049933,0.4419116096114993,0.4612982587379752,0.3133126484244991,0.7138722424104427,0.8312673137218086,0.4974047361789957,0.3585131396668137,0.4283316463300054,0.7717370795136468,0.5413388983705065,0.542190309871071,0.6126705970247777,0.2289810392917385,0.5833065845880967,38,1,Male,LVHA,1,3.0,2.0,3.0,2.0,0,0,1,1,0,0
38002,0.5355520218082689,0.4531249999999999,0.8907937250666828,0.0790513833992094,0.1270207852193995,0.456140350877193,0.1135369947251135,0.1696428571428571,0.2092106404272447,0.0709291453745657,0.3663962342361528,0.6122870465287088,0.8297016827196129,0.4550303187579671,0.2759886083385665,0.7605769230769233,0.7104549941667414,0.5651970517605229,0.5074765279448494,0.4925234720551492,0.2903682780002978,0.5960766675839062,0.2569534323265635,0.6481305243213892,0.2592903771846574,0.1559810512233721,0.8141349825951852,0.7060121679933199,0.3553251903146017,0.2242584781595794,0.1572364662142377,0.6231813535281715,0.4227306292346292,0.3341256655973328,0.7335990876094582,0.1440245764109388,0.5284852161608533,38,2,Male,HVLA,2,4.0,1.0,4.0,2.0,0,1,0,0,1,2
38003,0.6211949114039073,0.4166666666666666,0.828592846953696,0.0869565217391303,0.1316397228637413,0.175438596491228,0.2777166605549444,0.2946428571428572,0.4789069516695637,0.1543661454462359,0.5461389760063464,0.5325463327060155,0.8593409083528017,0.4228241952549208,0.3310102933585879,0.818062200956938,0.5616979269496545,0.5192750063898117,0.6670510720669482,0.3329489279330522,0.4714724664049957,0.2229921740667139,0.3084659887453959,0.3464031350532854,0.5471701060234322,0.3597701815052872,0.625380433140464,0.701397774714288,0.5860217755355202,0.291424499282119,0.519719699343269,0.7088381645652833,0.4847348569349389,0.4884379338832304,0.5035509155194067,0.4578297103216772,0.3344780396682119,38,3,Male,LVHA,3,2.0,4.0,2.0,1.0,1,0,1,1,0,0
38004,0.6347114947751022,0.4114583333333333,0.6921892090975522,0.1264822134387351,0.1570438799076211,0.456140350877193,0.4565456545654565,0.0803571428571428,0.5390076733753468,0.1793379453060906,0.4984998436308083,0.6951092836210052,0.9012081011318298,0.5128049845551401,0.4006179105470651,0.6216267942583733,0.3425468904244817,0.5146671118893882,0.5774573632631115,0.4225426367368874,0.365954135987316,0.0779630077908354,0.2972625095489316,0.1855167805834244,0.9845043506009188,0.6521643589967253,0.2445715617846868,0.6006782157596772,0.6096662162429152,0.5943314504609036,0.607512178495252,0.7231533696883942,0.5276628416498638,0.5800961975264781,0.5962395287745519,0.5253601148063609,0.7179623059593991,38,4,Male,HVHA,4,4.0,2.0,4.0,1.0,0,1,1,1,1,1
38005,0.5705361199454795,0.4375,0.7708875854328874,0.1106719367588932,0.161662817551963,0.4210526315789473,0.2397832375830175,0.1607142857142857,0.4478037008228347,0.1814026784118149,0.5432066526337429,0.6347168753371694,0.86949760579188,0.4689553930068774,0.3509773948519019,0.7392982456140356,0.4498395853899308,0.311613760876571,0.4793780256385243,0.5206219743614753,0.3621170623428069,0.166459666021198,0.5231724883213387,0.2608498566725992,0.9392275380370274,0.6281199115095395,0.0308631885345377,0.6819662019126815,0.5663678913688239,0.4487772489673267,0.5536027532754104,0.6423764658919933,0.4454847465977871,0.543435748998994,0.6612990346148679,0.2956177436407566,0.3583915714017638,38,5,Male,HVLA,5,4.0,2.0,3.0,2.0,0,1,0,0,1,2
38006,0.5705361199454795,0.4375,0.8448777182006136,0.1067193675889327,0.1732101616628175,0.368421052631579,0.2085894863996203,0.2678571428571429,0.3824335051266434,0.1356340007361767,0.5405759842401539,0.4519899808264401,0.8253530179583763,0.4826238496100849,0.2693221733308335,0.8240878269292864,0.6866951848195678,0.3490038363227805,0.6296299371716609,0.3703700628283384,0.5157823715527159,0.2533745736783789,0.2273511012967301,0.4253746401042713,0.5406431973987735,0.3540070336648331,0.8583354860809786,0.6598681839973523,0.3764066949184654,0.2206653396241574,0.1689636832977672,0.6081999047972397,0.4230453507331133,0.2831421830348857,0.7564956180779552,0.0878156148991735,0.5466652188342924,38,6,Male,LVLA,6,2.0,3.0,3.0,2.0,0,0,0,1,0,1
38007,0.5355520218082689,0.4531249999999999,0.8513610599737106,0.1027667984189723,0.1385681293302539,0.087719298245614,0.253672426066136,0.375,0.6035863261282091,0.1578273975532926,0.6285770704407518,0.4056091068814441,0.8441414596595453,0.5170739132783968,0.2978201575867578,0.7166715671861219,0.4528115628899774,0.4374295842732838,0.5694444691621297,0.4305555308378692,0.3817019599860045,0.4071175927523044,0.2708185230121006,0.5573978272846151,0.3263181914018866,0.1660552706676108,0.8337790580643372,0.7034521271111102,0.5730073228386312,0.2545888202387195,0.5145039623549704,0.722625889938334,0.5256457578199529,0.4171338712456262,0.7368475043833609,0.2156441133787979,0.3837932749643911,38,7,Male,LVLA,7,2.0,3.0,3.0,3.0,0,0,0,1,0,1
38008,0.5705361199454795,0.4375,0.8091700134251659,0.1185770750988142,0.1501154734411085,0.1228070175438595,0.3488682201553489,0.3125,0.4310573584449079,0.2594262450343014,0.5813958662625907,0.4132144644415083,0.8220809860763441,0.5575201867163413,0.3370903326466385,0.8983202687569989,0.6073543928923988,0.6000610070295953,0.5786731917826271,0.4213268082173722,0.4432334954694232,0.4229925980067933,0.4144641180407464,0.6620957528496911,0.3041982617523646,0.1107240972577083,0.7879978707203151,0.7408812290125485,0.6305420218971249,0.3605808889954103,0.2435363010326111,0.6645535421519115,0.5056213458131739,0.4240650777808709,0.7852104504528015,0.2370926819104096,0.5990118253205658,38,8,Male,HVHA,8,4.0,4.0,2.0,1.0,1,1,1,1,1,1
39001,0.2323943661971831,0.65625,0.6592658027617155,0.2687747035573122,0.3394919168591225,0.2807017543859649,0.3678701203453678,0.4285714285714286,0.2841969702225951,0.2007070344933556,0.2551052533387166,0.7233849610596339,0.8994832681585879,0.598740728425933,0.3264709787036721,0.4989639452963121,0.2309039095531673,0.4485207863358038,0.5918437422959364,0.4081562577040636,0.2490411344620872,0.1971546524936253,0.2158252629418888,0.1466893181955947,0.8338670166943322,0.6203767995565646,0.4293402586518923,0.8636642440547125,0.709123517580309,0.6988399738385986,0.7503016819662598,0.8618931608468637,0.6960752283716318,0.6786339062742294,0.7594523261476658,0.6061618511394429,0.7073040288727317,39,1,Female,LVHA,1,4.0,4.0,4.0,2.0,1,1,1,1,0,0
39002,0.4168559745570196,0.515625,0.6679142341600215,0.2411067193675888,0.3233256351039261,0.1403508771929824,0.3818953323903818,0.5,0.569763903717047,0.1349187504275527,0.4791881983437545,0.7332893810031399,0.9141569116484431,0.4768330546015734,0.3308128177658083,0.4131912058627582,0.2737936240636432,0.3982637769900097,0.5757980237931011,0.4242019762068985,0.3892171092883041,0.465603336698537,0.2150932756963728,0.6268929233488685,0.4216177751989224,0.2322217361313935,0.9119504055134894,0.7357619063590501,0.6456986758340413,0.6794971723205194,0.72706538235334,0.785029660318122,0.6927189337623916,0.6422083261699326,0.6507384969407042,0.4341635860428471,0.757982089239905,39,2,Female,HVLA,2,5.0,5.0,5.0,5.0,1,1,0,0,1,2
39003,0.3036119945479327,0.59375,0.655841828095749,0.2687747035573122,0.3695150115473441,0.4385964912280702,0.3276494316098276,0.2767857142857143,0.3613594178430379,0.1992249555757842,0.2885206213468549,0.7674542770922227,0.9170806769530954,0.6916417137616959,0.3269351104447313,0.405263157894737,0.1541538941133683,0.4040911172549482,0.5900531642688005,0.4099468357311986,0.2713632605681431,0.5197125620592651,0.3104832220547017,0.4774863634079376,0.5437542477809939,0.4228394144409164,0.6664190957175504,0.7934714775723904,0.6343730148912312,0.5800468820659133,0.616928137168424,0.7307030955317858,0.5516500439455801,0.6304752110369538,0.8926477089566163,0.5814634102151386,0.5299449414633592,39,3,Female,LVLA,3,4.0,1.0,4.0,5.0,0,1,0,1,0,1
39004,0.3834620626987731,0.5364583333333333,0.6284290492021678,0.284584980237154,0.392609699769053,0.3333333333333332,0.219021902190219,0.4017857142857143,0.722246553843298,0.4479794358153981,0.4392616154767277,0.686574164509988,0.9364683488926028,0.6684976550612802,0.3352287289246454,0.2382456140350877,0.2694965449160908,0.3465532835029572,0.6165236905230069,0.3834763094769922,0.3140610617043192,0.3851379036815447,0.2925133478574053,0.4261991417752174,0.5767514319605012,0.3909887966550156,0.681773866246949,0.8255502455065139,0.5840120004723255,0.6451117335599967,0.6402884826173373,0.7915598607543263,0.5766028484550649,0.6620312952304609,0.8431635942337206,0.64201418766474,0.5204971061124075,39,4,Female,HVHA,4,5.0,4.0,5.0,3.0,1,1,1,1,1,1
39005,0.2722626079054975,0.6197916666666666,0.6575027218481281,0.2766798418972331,0.3695150115473441,0.2982456140350877,0.1056891403426056,0.4107142857142857,0.5658272308718608,0.331369517006872,0.3739612072262195,0.7342754447610422,0.9333332874817466,0.601212381494866,0.3223749635143862,0.5618421052631581,0.2973252479669064,0.4015964699174494,0.500199232023667,0.4998007679763321,0.2098577316869639,0.8236561701991301,0.3783690131984858,0.8234213694137922,0.3241793957638904,0.2083375067636109,0.7636846293252091,0.802956499346324,0.538513292319833,0.6123533637975733,0.6112979979828239,0.7686054343472163,0.5483954334828933,0.4806910994347703,0.7586888949418045,0.3699355498430415,0.5976597546735316,39,5,Female,HVLA,5,4.0,2.0,4.0,3.0,0,1,0,0,1,2
39006,0.3307587460245343,0.5729166666666666,0.6615394550774307,0.2687747035573122,0.3810623556581985,0.3333333333333332,0.3084891822515585,0.4196428571428572,0.4894332166113311,0.3016870401238889,0.3602667302618748,0.6610386663937056,0.9138368213046068,0.5777387689122138,0.2957665222826517,0.3063711911357343,0.238009327024543,0.5583010516485034,0.6249190525112633,0.375080947488736,0.433135880159904,0.4234448944371396,0.4296481468536762,0.4267068983893718,0.7675153322549977,0.6008027137349562,0.5319187625849666,0.8380254109908442,0.599440964040187,0.5773614333893058,0.7219344502914676,0.8450207905102989,0.6473650194449945,0.5829992918454636,0.7937361368877411,0.3800412913597707,0.6250175218265503,39,6,Female,LVHA,6,4.0,5.0,4.0,1.0,1,1,1,1,0,0
39007,0.5586097228532485,0.4427083333333333,0.6501861578373902,0.284584980237154,0.3695150115473441,0.4035087719298245,0.2777166605549444,0.4285714285714286,0.5051618270497852,0.1183517584674892,0.3548243171293335,0.8111994402008436,0.9362035625013624,0.6263107140954796,0.309553719704851,0.5484210526315794,0.2490854189652169,0.4461096554526476,0.6034094305982673,0.396590569401732,0.2818973633229311,0.4364932239540423,0.3009137238548618,0.3989357501376628,0.6003964799029885,0.4525417667443777,0.626787667202974,0.915189405803769,0.6195410787724194,0.6620578982993786,0.5185614540154502,0.7969472738142609,0.6117292173085531,0.6360218176773705,0.7745947666167146,0.6662731981124979,0.6196987649710444,39,7,Female,LVLA,7,3.0,1.0,4.0,4.0,0,0,0,1,0,1
39008,0.443661971830986,0.5,0.68094730916077,0.2608695652173912,0.2840646651270208,0.3157894736842106,0.2674315050552673,0.4107142857142857,0.6110460612328977,0.1270066765850253,0.5705721819758154,0.652550124942615,0.8957982308118031,0.5244678949273551,0.3212930360772725,0.3269736842105266,0.209041086564319,0.4853186997208008,0.526700355514925,0.4732996444850741,0.4096760529270661,0.258065678903318,0.2510251074042807,0.3709015038332675,0.6240297250523386,0.4072985768231003,0.7337800385317527,0.6266223911420368,0.5252747237152511,0.5773192545742778,0.6127387191217434,0.732266928225168,0.6166857276649143,0.505657324320265,0.7390877712376094,0.2683743785264638,0.7649953620829857,39,8,Female,HVHA,8,3.0,1.0,4.0,1.0,0,0,1,1,1,1
40001,0.221830985915493,0.6666666666666666,0.624975153503879,0.2924901185770751,0.4203233256351039,0.7017543859649122,0.2707492971519374,0.1607142857142857,0.2897703718008865,0.0905421950787417,0.3500579146926278,0.652147748393137,0.8679756365216522,0.4913559134665288,0.3012245787678116,0.7871630295250323,0.365023919811679,0.4179139172561719,0.57620786896842,0.42379213103158,0.2837585117394944,0.2656297686317547,0.2235180193487184,0.1781997919907607,0.7389563670188951,0.5874595130937523,0.4776920153644239,0.7764591897096242,0.5602686709266014,0.4686129475291535,0.6501033850684443,0.800195968875066,0.6057877819078946,0.6506991466667706,0.6995701445762306,0.2798604279901106,0.5498204325177554,40,1,Female,LVHA,1,4.0,1.0,3.0,4.0,0,1,1,1,0,0
40002,0.2971376646978646,0.5989583333333334,0.6391028881361037,0.300395256916996,0.4157043879907621,0.3333333333333332,0.2382349346045715,0.4732142857142857,0.6763767248330802,0.2270946153560548,0.5470926833331393,0.5489932122824159,0.8928434273408319,0.4063249216972002,0.2868792416901509,0.5229916897506928,0.1840838332447414,0.6662369749704591,0.6519833102604344,0.3480166897395647,0.4147990376825777,0.2903095735526328,0.2829534462095108,0.3201897571222712,0.6619192657260085,0.509466304789196,0.5972642853936638,0.8229243015459656,0.503379970189356,0.4432552644468949,0.3593034211638893,0.7365799408071152,0.5190053505436533,0.4896047310585425,0.7325786957925962,0.2125210095795437,0.7442662099622988,40,2,Female,HVLA,2,3.0,1.0,3.0,4.0,0,0,0,0,1,2
40003,0.2971376646978646,0.5989583333333334,0.487789384373718,0.3715415019762845,0.4180138568129331,0.6842105263157894,0.6365358758098032,0.3125,0.2531092452105069,0.0300565096039203,0.4947891069358547,0.5992619411772494,0.8209144382877125,0.4427375706845789,0.4316545293653382,0.6009868421052631,0.3973346495557749,0.8702783384500568,0.7469265731930685,0.2530734268069303,0.3584595341554705,0.4835048841110118,0.375827825396088,0.3385097326233205,0.7705853424481505,0.7205534423354737,0.4940205471357249,0.596058514934584,0.936923309647651,0.5770628364024295,0.545093213965344,0.720438798396298,0.5381256701387219,0.4821448666477009,0.6895937161460344,0.2579607962548709,0.5714104069509192,40,3,Female,LVHA,3,5.0,4.0,2.0,4.0,1,1,1,1,0,0
40004,0.3599500227169468,0.5520833333333333,0.5027180804887961,0.3794466403162054,0.4272517321016166,0.6491228070175439,0.4565456545654565,0.3482142857142857,0.8444607052412668,0.0682289246006329,0.6621097122408695,0.5997402617161214,0.904971875389319,0.3741835563227704,0.415319305561846,0.6960526315789473,0.6173553330512856,0.512192501879901,0.5214388670759014,0.4785611329240982,0.6308344768574548,0.2906807034900439,0.519366940140531,0.3566365830311476,0.9282011971868058,0.7514057588177974,0.3287078556109826,0.3289328048664739,0.7414109842570469,0.5820970039820175,0.4228467178811762,0.6337234420857623,0.5787199433747123,0.6557463734096343,0.4035252081964326,0.2785014560670231,0.6244869917059788,40,4,Female,HVHA,4,5.0,2.0,4.0,4.0,0,1,1,1,1,1
40005,0.0,1.0,0.5330455155368509,0.308300395256917,0.3810623556581985,0.4385964912280702,0.1499816648331499,0.25,0.1128564506073956,0.025800156702731,0.5343017878074598,0.631898882737608,0.7475583065045772,0.3938137417616374,0.4590637713760417,0.6510326449033981,0.4813425468904244,0.5208955794556389,0.3299674522889815,0.6700325477110178,0.4412770647144428,0.27516052805779,0.2974908713792828,0.2234649040268657,0.7384747769673716,0.6104324631554559,0.4398038848496048,0.4689547044273581,0.8054590496547853,0.3799709805111106,0.4820686845104239,0.5411903845025624,0.3333064598065484,0.3407453992213255,0.60902317777414,0.0803677247911774,0.4323293840891808,40,5,Female,HVLA,5,3.0,2.0,3.0,4.0,0,0,0,0,1,2
40006,0.3238300772376191,0.578125,0.6104723563233873,0.300395256916996,0.4041570438799077,0.5964912280701755,0.352035203520352,0.3125,0.2381999475404023,0.0240277006252558,0.5303009448388822,0.4760998730274435,0.7892661061631281,0.2676942813125387,0.3245910570332617,0.4166507177033494,0.3973346495557749,0.5039767966484048,0.7347972747903437,0.2652027252096549,0.5443048861154918,0.3720531331348587,0.4399836012861004,0.5213471771824195,0.6094306660701664,0.4175095843026511,0.6338167152816407,0.7007240164350069,0.6889113050649238,0.3765807650862591,0.4474042087777659,0.7712303270214663,0.5999969105745572,0.5689274324175314,0.4710714336660544,0.2117617119476407,0.4405859957125304,40,6,Female,LVLA,6,3.0,2.0,2.0,4.0,0,0,0,1,0,1
40007,0.367673784643344,0.546875,0.4396790633118981,0.4189723320158103,0.4965357967667435,0.7719298245614035,0.4173542354235423,0.2232142857142857,0.1795897601983623,0.0279353848907337,0.5224485631750382,0.6198295765337676,0.7889361574103168,0.353309976096066,0.4355147065117943,0.7810526315789477,0.3289561284694323,0.5437913681548872,0.480488800487066,0.5195111995129342,0.3997756784393724,0.4066361281791262,0.4417474523746927,0.3723173264741616,0.7050748589911576,0.5845497665773779,0.4635037687014081,0.5295341724313177,0.8907762382999647,0.5153546888910505,0.599609420874561,0.7086623762724572,0.5412285675803598,0.3470450264977942,0.5219498699496752,0.2741338415973961,0.5587207964855936,40,7,Female,LVLA,7,2.0,4.0,2.0,3.0,1,0,0,1,0,1
40008,0.3834620626987731,0.5364583333333333,0.4367440058621606,0.5256916996047429,0.4272517321016166,0.4210526315789473,0.5088008800880087,0.3392857142857143,0.383933995692849,0.0309697224481505,0.5847954003815257,0.669327655933158,0.854458354328663,0.5895776436248201,0.483092398318492,0.4849760765550237,0.3773327692380012,0.3917899252114192,0.6308832818921561,0.3691167181078432,0.4340275750780079,0.9812750500908374,0.5507549753315153,0.9701168384655086,0.3591208400391498,0.3488616871208749,0.7129128801774238,0.5468110757765727,0.8241567219715586,0.695168467801774,0.6212436493543398,0.6181928675612711,0.5994784968330571,0.4962914672442305,0.7044754239828901,0.2250293645636773,0.8220684522314561,40,8,Female,HVHA,8,3.0,3.0,2.0,3.0,0,0,1,1,1,1
